Cassette: ,C028Z/BTH_LDDSE_PRESPACZ2B_Z
COLLECTION DATE/TIME: ,7/24/2015  20:1:50
PROCESS DATE/TIME: ,7/24/2015  20:1:50
EQUIPMENT: ,
OPERATOR: ,
SHIFT: ,
MACHINE TYPE: ,F5x with DF Thin Film Measurement System



WAFER ID,"HF02078001",
LOT ID,"Q515100",
Cassette,Left,
SLOT,1,
STATUS,"",
DATA TYPE,SE,
RECIPE,"C028Z/BTH_LDDSE_PRESPACZ2B_Z",
RCP CNT,1,
MEAS SET,SOI: C028Z-STI-OXIPAD,
MATERIAL,"Thermal SiO2 {W}",
SITE,1,
RESULT TYPE,3rd Thickness,2nd Thickness,1st Thickness,GOF ,
MEAN,   23.7872,   92.4243,  257.5079,0.8867,
MIN,   22.6735,   89.2108,  256.0739,0.8797,
MAX,   24.6111,   94.5101,  259.1898,0.8915,
% STDDEV,  2.5168,  1.6912,  0.4056,  0.3878,
STDDEV,    0.5987,    1.5631,    1.0444,0.0034,
3 % STDDEV,  7.5505,  5.0737,  1.2167,  1.1634,
3 STDDEV,    1.7960,    4.6893,    3.1332,0.0103,
RANGE,    1.9376,    5.2992,    3.1158,0.0118,
Site #,Value,Value,Value,Value, X , Y ,
1,   24.4780,   92.9510,  257.5854,0.8882, -7.2360,-19.9920,
2,   24.4261,   89.9533,  257.1977,0.8797, 70.4520,-19.9920,
3,   24.0021,   93.4461,  257.3770,0.8865, 18.6600,-80.5680,
4,   23.8528,   91.4099,  256.3653,0.8823,-59.0280,-80.5680,
5,   23.7899,   92.6444,  257.8156,0.8884,-84.9240, 10.2960,
6,   24.2260,   94.1834,  258.7910,0.8909,-33.1320, 70.8720,
7,   24.6111,   91.8879,  258.3789,0.8876, 44.5560, 40.5840,
8,   23.2911,   90.8663,  256.9829,0.8834,122.2440,-19.9920,
9,   23.1278,   89.2108,  256.0739,0.8809, 96.3480,-80.5680,
10,   23.3956,   91.5904,  256.8802,0.8850, 44.5560,-110.8560,
11,   23.4023,   92.2970,  256.3020,0.8864,-59.0280,-110.8560,
12,   22.9180,   94.5101,  256.1568,0.8890,-110.8200,-80.5680,
13,   22.6735,   94.4820,  256.6273,0.8893,-136.7160,-19.9920,
14,   23.3412,   92.5912,  258.5317,0.8891,-110.8200, 40.5840,
15,   24.1856,   93.4916,  258.8853,0.8897,-33.1320,101.1600,
16,   24.3510,   94.1960,  259.1898,0.8915, 18.6600,101.1600,
17,   24.3102,   91.5027,  258.4940,0.8861, 96.3480, 40.5840,

WAFER ID,"HF02078001",
LOT ID,"Q515100",
Cassette,Left,
SLOT,1,
STATUS,"",
DATA TYPE,SE,
RECIPE,"C028Z/BTH_LDDSE_PRESPACZ2B_Z",
RCP CNT,1,
MEAS SET,C028-GATE-DEPPOLY,
MATERIAL,"Thermal SiO2",
SITE,1,
RESULT TYPE,3rd Thickness,2nd Thickness,1st Thickness,2nd RI @ 633.0nm,GOF ,
MEAN,  163.1568,  414.3170, 2525.9895,3.8753,0.6319,
MIN,  152.1295,  412.1487, 2287.3984,3.8749,0.6249,
MAX,  170.7051,  415.9904, 2626.8772,3.8759,0.6579,
% STDDEV,  3.3735,  0.2465,  3.5720,  0.0070,  1.4455,
STDDEV,    5.5040,    1.0215,   90.2274,0.0003,0.0091,
3 % STDDEV, 10.1204,  0.7396, 10.7159,  0.0210,  4.3366,
3 STDDEV,   16.5121,    3.0645,  270.6823,0.0008,0.0274,
RANGE,   18.5756,    3.8417,  339.4788,0.0010,0.0330,
Site #,Value,Value,Value,Value,Value, X , Y ,
1,  152.1295,  415.9904, 2552.8948,3.8753,0.6296, -7.5960,-19.9920,
2,  161.2271,  413.9724, 2608.4763,3.8749,0.6315, 70.0920,-19.9920,
3,  160.4413,  414.2336, 2558.6782,3.8751,0.6323, 18.3000,-80.5680,
4,  164.0362,  415.8110, 2575.0095,3.8750,0.6316,-59.3880,-80.5680,
5,  167.5137,  414.8265, 2548.5129,3.8752,0.6283,-85.2840, 10.2960,
6,  170.7051,  415.4949, 2542.7410,3.8752,0.6277,-33.4920, 70.8720,
7,  161.3168,  414.0491, 2626.8772,3.8749,0.6308, 44.1960, 40.5840,
8,  157.4781,  413.6599, 2585.1960,3.8751,0.6256,121.8840,-19.9920,
9,  157.1274,  413.7935, 2556.8203,3.8752,0.6249, 95.9880,-80.5680,
10,  158.1754,  413.8082, 2554.9990,3.8752,0.6286, 44.1960,-110.8560,
11,  158.3273,  415.9119, 2534.5139,3.8751,0.6288,-59.3880,-110.8560,
12,  162.4437,  413.2388, 2321.8992,3.8758,0.6530,-111.1800,-80.5680,
13,  168.8981,  412.1487, 2287.3984,3.8759,0.6579,-137.0760,-19.9920,
14,  168.6303,  413.7147, 2499.0159,3.8756,0.6272,-111.1800, 40.5840,
15,  169.5876,  414.0783, 2507.7874,3.8754,0.6272,-33.4920,101.1600,
16,  169.6830,  414.2148, 2502.6777,3.8754,0.6310, 18.3000,101.1600,
17,  165.9450,  414.4419, 2578.3254,3.8751,0.6271, 95.9880, 40.5840,

WAFER ID,"HF02078002",
LOT ID,"Q515100",
Cassette,Left,
SLOT,2,
STATUS,"",
DATA TYPE,SE,
RECIPE,"C028Z/BTH_LDDSE_PRESPACZ2B_Z",
RCP CNT,1,
MEAS SET,SOI: C028Z-STI-OXIPAD,
MATERIAL,"Thermal SiO2 {W}",
SITE,1,
RESULT TYPE,3rd Thickness,2nd Thickness,1st Thickness,GOF ,
MEAN,   23.8692,   91.3583,  259.0007,0.8851,
MIN,   22.6188,   88.5816,  256.8531,0.8791,
MAX,   24.7835,   94.8447,  260.7445,0.8936,
% STDDEV,  2.7210,  1.8799,  0.5124,  0.4883,
STDDEV,    0.6495,    1.7174,    1.3272,0.0043,
3 % STDDEV,  8.1630,  5.6396,  1.5373,  1.4648,
3 STDDEV,    1.9484,    5.1523,    3.9817,0.0130,
RANGE,    2.1647,    6.2631,    3.8914,0.0144,
Site #,Value,Value,Value,Value, X , Y ,
1,   24.5531,   91.2467,  259.9624,0.8843, -7.2360,-19.9920,
2,   24.5220,   89.0694,  259.4082,0.8808, 70.4520,-19.9920,
3,   24.1501,   92.9659,  258.9802,0.8919, 18.6600,-80.5680,
4,   23.8702,   90.5976,  258.1207,0.8791,-59.0280,-80.5680,
5,   23.7476,   92.0282,  259.7020,0.8880,-84.9240, 10.2960,
6,   24.3956,   91.6637,  260.6578,0.8868,-33.1320, 70.8720,
7,   24.7835,   90.3470,  260.6582,0.8848, 44.5560, 40.5840,
8,   23.3800,   90.4572,  258.3934,0.8820,122.2440,-19.9920,
9,   23.1468,   88.5816,  257.3208,0.8804, 96.3480,-80.5680,
10,   23.4844,   90.8283,  257.7874,0.8819, 44.5560,-110.8560,
11,   23.5229,   91.9371,  257.1387,0.8855,-59.0280,-110.8560,
12,   22.9083,   94.8447,  256.8531,0.8914,-110.8200,-80.5680,
13,   22.6188,   94.8388,  257.5998,0.8936,-136.7160,-19.9920,
14,   23.4232,   90.6659,  259.6463,0.8815,-110.8200, 40.5840,
15,   24.3316,   91.6498,  260.2389,0.8877,-33.1320,101.1600,
16,   24.4835,   91.7645,  260.7445,0.8860, 18.6600,101.1600,
17,   24.4545,   89.6041,  259.7997,0.8819, 96.3480, 40.5840,

WAFER ID,"HF02078002",
LOT ID,"Q515100",
Cassette,Left,
SLOT,2,
STATUS,"",
DATA TYPE,SE,
RECIPE,"C028Z/BTH_LDDSE_PRESPACZ2B_Z",
RCP CNT,1,
MEAS SET,C028-GATE-DEPPOLY,
MATERIAL,"Thermal SiO2",
SITE,1,
RESULT TYPE,3rd Thickness,2nd Thickness,1st Thickness,2nd RI @ 633.0nm,GOF ,
MEAN,  168.9285,  415.3743, 2512.7249,3.8753,0.6329,
MIN,  157.7295,  413.9264, 2278.3997,3.8750,0.6263,
MAX,  178.0549,  416.8420, 2595.7764,3.8760,0.6540,
% STDDEV,  3.5320,  0.2250,  3.7013,  0.0069,  1.3165,
STDDEV,    5.9666,    0.9346,   93.0046,0.0003,0.0083,
3 % STDDEV, 10.5960,  0.6750, 11.1040,  0.0208,  3.9494,
3 STDDEV,   17.8997,    2.8039,  279.0137,0.0008,0.0250,
RANGE,   20.3253,    2.9156,  317.3767,0.0010,0.0277,
Site #,Value,Value,Value,Value,Value, X , Y ,
1,  157.7295,  416.4139, 2571.3611,3.8752,0.6315, -7.5960,-19.9920,
2,  165.2131,  415.9100, 2595.7764,3.8750,0.6304, 70.0920,-19.9920,
3,  165.6924,  415.9594, 2559.8550,3.8752,0.6326, 18.3000,-80.5680,
4,  168.2125,  415.7673, 2509.0735,3.8754,0.6334,-59.3880,-80.5680,
5,  174.8515,  415.9520, 2550.9597,3.8751,0.6287,-85.2840, 10.2960,
6,  178.0549,  416.1828, 2530.0056,3.8753,0.6283,-33.4920, 70.8720,
7,  166.2117,  416.8420, 2588.9807,3.8750,0.6284, 44.1960, 40.5840,
8,  163.7217,  413.9264, 2578.7510,3.8751,0.6272,121.8840,-19.9920,
9,  164.4084,  414.0876, 2521.1387,3.8753,0.6263, 95.9880,-80.5680,
10,  165.2845,  414.3545, 2553.9768,3.8753,0.6298, 44.1960,-110.8560,
11,  162.4780,  416.7401, 2446.7039,3.8755,0.6348,-59.3880,-110.8560,
12,  166.7036,  415.0259, 2278.3997,3.8758,0.6540,-111.1800,-80.5680,
13,  173.4309,  415.3700, 2293.8765,3.8760,0.6539,-137.0760,-19.9920,
14,  174.3310,  414.8801, 2518.5244,3.8755,0.6272,-111.1800, 40.5840,
15,  177.7145,  414.9684, 2532.1667,3.8753,0.6302,-33.4920,101.1600,
16,  176.1873,  414.1574, 2506.8748,3.8754,0.6342, 18.3000,101.1600,
17,  171.5582,  414.8245, 2579.8979,3.8750,0.6279, 95.9880, 40.5840,

WAFER ID,"HF02078003",
LOT ID,"Q515100",
Cassette,Left,
SLOT,3,
STATUS,"",
DATA TYPE,SE,
RECIPE,"C028Z/BTH_LDDSE_PRESPACZ2B_Z",
RCP CNT,1,
MEAS SET,SOI: C028Z-STI-OXIPAD,
MATERIAL,"Thermal SiO2 {W}",
SITE,1,
RESULT TYPE,3rd Thickness,2nd Thickness,1st Thickness,GOF ,
MEAN,   23.8908,   91.7031,  258.9967,0.8858,
MIN,   22.5209,   88.1820,  256.5621,0.8755,
MAX,   24.8228,   95.1372,  260.7786,0.8938,
% STDDEV,  2.8398,  1.9181,  0.5538,  0.5773,
STDDEV,    0.6784,    1.7589,    1.4344,0.0051,
3 % STDDEV,  8.5193,  5.7542,  1.6615,  1.7319,
3 STDDEV,    2.0353,    5.2768,    4.3032,0.0153,
RANGE,    2.3019,    6.9551,    4.2165,0.0183,
Site #,Value,Value,Value,Value, X , Y ,
1,   24.6638,   92.1399,  259.9408,0.8858, -7.2360,-19.9920,
2,   24.5592,   89.4305,  259.5369,0.8803, 70.4520,-19.9920,
3,   24.1966,   92.7140,  259.0076,0.8905, 18.6600,-80.5680,
4,   23.9431,   90.7799,  257.7510,0.8799,-59.0280,-80.5680,
5,   23.8208,   92.8928,  259.6821,0.8913,-84.9240, 10.2960,
6,   24.3958,   91.9674,  260.7143,0.8886,-33.1320, 70.8720,
7,   24.8228,   90.5427,  260.7640,0.8813, 44.5560, 40.5840,
8,   23.3744,   90.4605,  258.7596,0.8814,122.2440,-19.9920,
9,   23.2132,   88.1820,  257.4224,0.8755, 96.3480,-80.5680,
10,   23.5600,   91.1313,  257.6401,0.8855, 44.5560,-110.8560,
11,   23.5078,   92.4566,  256.9358,0.8873,-59.0280,-110.8560,
12,   22.8879,   94.8384,  256.5621,0.8911,-110.8200,-80.5680,
13,   22.5209,   95.1372,  257.3957,0.8938,-136.7160,-19.9920,
14,   23.3573,   92.8188,  259.6935,0.8920,-110.8200, 40.5840,
15,   24.2768,   91.5432,  260.3677,0.8869,-33.1320,101.1600,
16,   24.4967,   91.5067,  260.7786,0.8841, 18.6600,101.1600,
17,   24.5472,   90.4104,  259.9911,0.8828, 96.3480, 40.5840,

WAFER ID,"HF02078003",
LOT ID,"Q515100",
Cassette,Left,
SLOT,3,
STATUS,"",
DATA TYPE,SE,
RECIPE,"C028Z/BTH_LDDSE_PRESPACZ2B_Z",
RCP CNT,1,
MEAS SET,C028-GATE-DEPPOLY,
MATERIAL,"Thermal SiO2",
SITE,1,
RESULT TYPE,3rd Thickness,2nd Thickness,1st Thickness,2nd RI @ 633.0nm,GOF ,
MEAN,  186.2425,  415.6539, 2507.5264,3.8754,0.6368,
MIN,  175.5805,  411.9690, 2339.1357,3.8748,0.6291,
MAX,  194.0812,  419.0312, 2600.3506,3.8762,0.6573,
% STDDEV,  2.6225,  0.4293,  3.2706,  0.0113,  1.2565,
STDDEV,    4.8842,    1.7846,   82.0106,0.0004,0.0080,
3 % STDDEV,  7.8675,  1.2880,  9.8117,  0.0338,  3.7695,
3 STDDEV,   14.6527,    5.3538,  246.0319,0.0013,0.0240,
RANGE,   18.5007,    7.0622,  261.2148,0.0013,0.0282,
Site #,Value,Value,Value,Value,Value, X , Y ,
1,  175.5805,  417.4571, 2584.7854,3.8750,0.6337, -7.5960,-19.9920,
2,  185.7454,  415.7442, 2581.7927,3.8750,0.6346, 70.0920,-19.9920,
3,  192.4047,  415.9688, 2595.9766,3.8749,0.6383, 18.3000,-80.5680,
4,  189.8182,  417.6911, 2531.5850,3.8752,0.6350,-59.3880,-80.5680,
5,  187.5767,  417.1916, 2600.3506,3.8748,0.6307,-85.2840, 10.2960,
6,  183.7479,  419.0312, 2552.2095,3.8749,0.6305,-33.4920, 70.8720,
7,  179.3144,  417.1955, 2575.0315,3.8751,0.6324, 44.1960, 40.5840,
8,  181.7670,  414.6846, 2533.7288,3.8754,0.6330,121.8840,-19.9920,
9,  188.6753,  414.8989, 2550.5374,3.8753,0.6291, 95.9880,-80.5680,
10,  191.4753,  415.2155, 2553.2227,3.8753,0.6320, 44.1960,-110.8560,
11,  188.7893,  415.3546, 2472.1353,3.8756,0.6353,-59.3880,-110.8560,
12,  194.0812,  412.3956, 2347.9688,3.8762,0.6573,-111.1800,-80.5680,
13,  190.5280,  411.9690, 2339.1357,3.8762,0.6561,-137.0760,-19.9920,
14,  183.8914,  414.6179, 2445.6638,3.8758,0.6360,-111.1800, 40.5840,
15,  185.8197,  415.8966, 2461.8313,3.8757,0.6360,-33.4920,101.1600,
16,  183.6974,  415.5683, 2434.2942,3.8759,0.6403, 18.3000,101.1600,
17,  183.2103,  415.2353, 2467.6997,3.8757,0.6349, 95.9880, 40.5840,

WAFER ID,"HF02078004",
LOT ID,"Q515100",
Cassette,Left,
SLOT,4,
STATUS,"",
DATA TYPE,SE,
RECIPE,"C028Z/BTH_LDDSE_PRESPACZ2B_Z",
RCP CNT,1,
MEAS SET,SOI: C028Z-STI-OXIPAD,
MATERIAL,"Thermal SiO2 {W}",
SITE,1,
RESULT TYPE,3rd Thickness,2nd Thickness,1st Thickness,GOF ,
MEAN,   23.8717,   92.2756,  258.7353,0.8873,
MIN,   22.5415,   89.6985,  256.3983,0.8826,
MAX,   24.7721,   95.1139,  260.6369,0.8931,
% STDDEV,  2.8439,  1.5192,  0.5874,  0.3189,
STDDEV,    0.6789,    1.4018,    1.5197,0.0028,
3 % STDDEV,  8.5316,  4.5576,  1.7621,  0.9566,
3 STDDEV,    2.0366,    4.2055,    4.5591,0.0085,
RANGE,    2.2306,    5.4154,    4.2386,0.0105,
Site #,Value,Value,Value,Value, X , Y ,
1,   24.6166,   92.3720,  259.8708,0.8872, -7.2360,-19.9920,
2,   24.5802,   90.5196,  259.1896,0.8831, 70.4520,-19.9920,
3,   24.2180,   92.9579,  258.6055,0.8883, 18.6600,-80.5680,
4,   23.9257,   91.3588,  257.3043,0.8826,-59.0280,-80.5680,
5,   23.7826,   92.9943,  259.6949,0.8871,-84.9240, 10.2960,
6,   24.3875,   92.2482,  260.6369,0.8892,-33.1320, 70.8720,
7,   24.7721,   91.1192,  260.6130,0.8860, 44.5560, 40.5840,
8,   23.3479,   92.1920,  258.2943,0.8881,122.2440,-19.9920,
9,   23.1572,   89.6985,  257.0277,0.8826, 96.3480,-80.5680,
10,   23.4541,   92.6805,  257.3761,0.8890, 44.5560,-110.8560,
11,   23.5575,   91.9389,  256.4870,0.8870,-59.0280,-110.8560,
12,   22.8276,   95.1139,  256.3983,0.8913,-110.8200,-80.5680,
13,   22.5415,   95.1079,  257.0909,0.8931,-136.7160,-19.9920,
14,   23.3718,   92.5970,  259.3585,0.8891,-110.8200, 40.5840,
15,   24.3173,   92.3537,  260.2791,0.8876,-33.1320,101.1600,
16,   24.5107,   92.5675,  260.6118,0.8867, 18.6600,101.1600,
17,   24.4506,   90.8649,  259.6611,0.8856, 96.3480, 40.5840,

WAFER ID,"HF02078004",
LOT ID,"Q515100",
Cassette,Left,
SLOT,4,
STATUS,"",
DATA TYPE,SE,
RECIPE,"C028Z/BTH_LDDSE_PRESPACZ2B_Z",
RCP CNT,1,
MEAS SET,C028-GATE-DEPPOLY,
MATERIAL,"Thermal SiO2",
SITE,1,
RESULT TYPE,3rd Thickness,2nd Thickness,1st Thickness,2nd RI @ 633.0nm,GOF ,
MEAN,  165.8284,  415.0544, 2543.6223,3.8751,0.6301,
MIN,  154.5554,  414.0053, 2366.5884,3.8748,0.6244,
MAX,  174.4812,  416.9131, 2610.8687,3.8759,0.6416,
% STDDEV,  3.3767,  0.1981,  2.6097,  0.0069,  0.6679,
STDDEV,    5.5996,    0.8220,   66.3816,0.0003,0.0042,
3 % STDDEV, 10.1302,  0.5942,  7.8292,  0.0207,  2.0038,
3 STDDEV,   16.7988,    2.4661,  199.1449,0.0008,0.0126,
RANGE,   19.9258,    2.9078,  244.2803,0.0010,0.0172,
Site #,Value,Value,Value,Value,Value, X , Y ,
1,  154.5554,  416.9131, 2527.4812,3.8752,0.6289, -7.5960,-19.9920,
2,  163.6361,  414.7397, 2557.0483,3.8751,0.6300, 70.0920,-19.9920,
3,  162.9914,  415.4937, 2563.5247,3.8750,0.6303, 18.3000,-80.5680,
4,  166.5380,  415.9434, 2559.2825,3.8750,0.6321,-59.3880,-80.5680,
5,  169.7131,  415.4391, 2584.1438,3.8750,0.6289,-85.2840, 10.2960,
6,  174.4812,  415.0573, 2610.8687,3.8748,0.6297,-33.4920, 70.8720,
7,  163.8898,  414.1161, 2599.9241,3.8749,0.6282, 44.1960, 40.5840,
8,  160.9099,  414.0053, 2545.2456,3.8753,0.6279,121.8840,-19.9920,
9,  160.6631,  414.7550, 2569.9148,3.8750,0.6244, 95.9880,-80.5680,
10,  160.4214,  414.7556, 2595.4260,3.8750,0.6276, 44.1960,-110.8560,
11,  160.4965,  416.6041, 2494.8325,3.8752,0.6315,-59.3880,-110.8560,
12,  164.7964,  414.0316, 2366.5884,3.8757,0.6416,-111.1800,-80.5680,
13,  171.0466,  415.1061, 2402.4692,3.8759,0.6376,-137.0760,-19.9920,
14,  170.8633,  414.9413, 2563.6853,3.8752,0.6248,-111.1800, 40.5840,
15,  173.3893,  414.8853, 2578.3867,3.8750,0.6275,-33.4920,101.1600,
16,  172.2648,  414.5316, 2581.6689,3.8750,0.6311, 18.3000,101.1600,
17,  168.4270,  414.6057, 2541.0889,3.8751,0.6286, 95.9880, 40.5840,

WAFER ID,"HF02078005",
LOT ID,"Q515100",
Cassette,Left,
SLOT,5,
STATUS,"",
DATA TYPE,SE,
RECIPE,"C028Z/BTH_LDDSE_PRESPACZ2B_Z",
RCP CNT,1,
MEAS SET,SOI: C028Z-STI-OXIPAD,
MATERIAL,"Thermal SiO2 {W}",
SITE,1,
RESULT TYPE,3rd Thickness,2nd Thickness,1st Thickness,GOF ,
MEAN,   23.9234,   91.0749,  258.5815,0.8841,
MIN,   22.4835,   87.7239,  255.9635,0.8750,
MAX,   24.8381,   95.3559,  260.5581,0.8928,
% STDDEV,  2.9354,  2.1187,  0.5906,  0.5767,
STDDEV,    0.7022,    1.9296,    1.5271,0.0051,
3 % STDDEV,  8.8062,  6.3561,  1.7717,  1.7302,
3 STDDEV,    2.1067,    5.7888,    4.5813,0.0153,
RANGE,    2.3547,    7.6320,    4.5946,0.0179,
Site #,Value,Value,Value,Value, X , Y ,
1,   24.7091,   91.3357,  259.5943,0.8861, -7.2360,-19.9920,
2,   24.5437,   89.2971,  259.2528,0.8812, 70.4520,-19.9920,
3,   24.3032,   91.6153,  258.3774,0.8829, 18.6600,-80.5680,
4,   23.9883,   90.2968,  257.2323,0.8824,-59.0280,-80.5680,
5,   23.8102,   92.7758,  259.3511,0.8908,-84.9240, 10.2960,
6,   24.4987,   90.8030,  260.4340,0.8829,-33.1320, 70.8720,
7,   24.8381,   90.0521,  260.4186,0.8813, 44.5560, 40.5840,
8,   23.3192,   90.7615,  258.2301,0.8836,122.2440,-19.9920,
9,   23.2272,   87.7239,  257.1596,0.8750, 96.3480,-80.5680,
10,   23.6217,   90.1266,  257.0443,0.8797, 44.5560,-110.8560,
11,   23.5463,   90.2766,  256.3721,0.8793,-59.0280,-110.8560,
12,   22.8702,   94.5792,  255.9635,0.8912,-110.8200,-80.5680,
13,   22.4835,   95.3559,  256.9491,0.8928,-136.7160,-19.9920,
14,   23.4160,   93.2059,  259.2344,0.8928,-110.8200, 40.5840,
15,   24.4368,   90.2742,  260.0562,0.8838,-33.1320,101.1600,
16,   24.5990,   89.9460,  260.5581,0.8800, 18.6600,101.1600,
17,   24.4859,   89.8473,  259.6580,0.8842, 96.3480, 40.5840,

WAFER ID,"HF02078005",
LOT ID,"Q515100",
Cassette,Left,
SLOT,5,
STATUS,"",
DATA TYPE,SE,
RECIPE,"C028Z/BTH_LDDSE_PRESPACZ2B_Z",
RCP CNT,1,
MEAS SET,C028-GATE-DEPPOLY,
MATERIAL,"Thermal SiO2",
SITE,1,
RESULT TYPE,3rd Thickness,2nd Thickness,1st Thickness,2nd RI @ 633.0nm,GOF ,
MEAN,  181.6592,  411.0525, 2535.3992,3.8756,0.6358,
MIN,  168.5560,  409.1038, 2403.9900,3.8751,0.6304,
MAX,  186.1085,  411.8895, 2612.6912,3.8762,0.6478,
% STDDEV,  2.4123,  0.2258,  2.3922,  0.0073,  0.7489,
STDDEV,    4.3822,    0.9281,   60.6528,0.0003,0.0048,
3 % STDDEV,  7.2369,  0.6773,  7.1767,  0.0220,  2.2468,
3 STDDEV,   13.1465,    2.7842,  181.9584,0.0009,0.0143,
RANGE,   17.5524,    2.7858,  208.7012,0.0010,0.0174,
Site #,Value,Value,Value,Value,Value, X , Y ,
1,  168.5560,  409.1038, 2539.9629,3.8756,0.6380, -7.5960,-19.9920,
2,  182.9652,  411.3015, 2534.2498,3.8756,0.6369, 70.0920,-19.9920,
3,  184.2431,  411.7685, 2595.7324,3.8754,0.6347, 18.3000,-80.5680,
4,  180.0031,  411.8895, 2607.0457,3.8751,0.6347,-59.3880,-80.5680,
5,  181.6123,  411.5508, 2552.7307,3.8754,0.6324,-85.2840, 10.2960,
6,  185.9547,  411.3558, 2519.5894,3.8757,0.6337,-33.4920, 70.8720,
7,  178.5818,  410.9055, 2552.8086,3.8755,0.6321, 44.1960, 40.5840,
8,  183.6676,  411.4976, 2578.2639,3.8755,0.6319,121.8840,-19.9920,
9,  184.5707,  411.3659, 2612.6912,3.8754,0.6314, 95.9880,-80.5680,
10,  181.0161,  411.7013, 2607.7747,3.8753,0.6304, 44.1960,-110.8560,
11,  175.7148,  410.8991, 2570.7100,3.8755,0.6336,-59.3880,-110.8560,
12,  179.5556,  409.2477, 2423.7603,3.8761,0.6460,-111.1800,-80.5680,
13,  183.3047,  409.2739, 2403.9900,3.8762,0.6478,-137.0760,-19.9920,
14,  182.9426,  411.0527, 2496.1340,3.8760,0.6352,-111.1800, 40.5840,
15,  185.4548,  411.5030, 2487.7175,3.8759,0.6369,-33.4920,101.1600,
16,  186.1085,  411.5941, 2507.4507,3.8758,0.6381, 18.3000,101.1600,
17,  183.9548,  411.8822, 2511.1750,3.8756,0.6346, 95.9880, 40.5840,

WAFER ID,"HF02078006",
LOT ID,"Q515100",
Cassette,Left,
SLOT,6,
STATUS,"",
DATA TYPE,SE,
RECIPE,"C028Z/BTH_LDDSE_PRESPACZ2B_Z",
RCP CNT,1,
MEAS SET,SOI: C028Z-STI-OXIPAD,
MATERIAL,"Thermal SiO2 {W}",
SITE,1,
RESULT TYPE,3rd Thickness,2nd Thickness,1st Thickness,GOF ,
MEAN,   23.8972,   91.5178,  257.1483,0.8858,
MIN,   22.4800,   88.4282,  254.4594,0.8757,
MAX,   24.8432,   94.7880,  259.7356,0.8914,
% STDDEV,  2.9300,  1.7881,  0.7409,  0.4964,
STDDEV,    0.7002,    1.6365,    1.9052,0.0044,
3 % STDDEV,  8.7899,  5.3644,  2.2227,  1.4893,
3 STDDEV,    2.1005,    4.9094,    5.7157,0.0132,
RANGE,    2.3633,    6.3598,    5.2762,0.0157,
Site #,Value,Value,Value,Value, X , Y ,
1,   24.7523,   91.1037,  258.4045,0.8842, -7.2360,-19.9920,
2,   24.5137,   89.7391,  257.9691,0.8825, 70.4520,-19.9920,
3,   24.2356,   91.8888,  256.7427,0.8852, 18.6600,-80.5680,
4,   24.0208,   89.6116,  255.5132,0.8757,-59.0280,-80.5680,
5,   23.8096,   92.3986,  257.8047,0.8897,-84.9240, 10.2960,
6,   24.4318,   91.9274,  259.7356,0.8893,-33.1320, 70.8720,
7,   24.8432,   89.9000,  259.5716,0.8819, 44.5560, 40.5840,
8,   23.3300,   92.1015,  256.3203,0.8889,122.2440,-19.9920,
9,   23.1543,   88.4282,  255.3890,0.8782, 96.3480,-80.5680,
10,   23.5161,   91.0402,  255.4159,0.8855, 44.5560,-110.8560,
11,   23.5680,   91.3823,  254.4918,0.8830,-59.0280,-110.8560,
12,   22.8680,   94.7880,  254.4594,0.8914,-110.8200,-80.5680,
13,   22.4800,   94.6452,  254.8273,0.8892,-136.7160,-19.9920,
14,   23.3750,   91.7885,  257.2674,0.8896,-110.8200, 40.5840,
15,   24.3236,   91.9047,  259.5133,0.8885,-33.1320,101.1600,
16,   24.5168,   92.3966,  259.6456,0.8886, 18.6600,101.1600,
17,   24.5142,   90.7574,  258.4489,0.8870, 96.3480, 40.5840,

WAFER ID,"HF02078006",
LOT ID,"Q515100",
Cassette,Left,
SLOT,6,
STATUS,"",
DATA TYPE,SE,
RECIPE,"C028Z/BTH_LDDSE_PRESPACZ2B_Z",
RCP CNT,1,
MEAS SET,C028-GATE-DEPPOLY,
MATERIAL,"Thermal SiO2",
SITE,1,
RESULT TYPE,3rd Thickness,2nd Thickness,1st Thickness,2nd RI @ 633.0nm,GOF ,
MEAN,  167.6403,  412.7946, 2557.9463,3.8754,0.6326,
MIN,  156.1633,  410.1377, 2408.4856,3.8750,0.6266,
MAX,  175.5143,  415.9680, 2645.3281,3.8760,0.6479,
% STDDEV,  2.9861,  0.3377,  2.6032,  0.0079,  0.9305,
STDDEV,    5.0059,    1.3941,   66.5893,0.0003,0.0059,
3 % STDDEV,  8.9584,  1.0132,  7.8097,  0.0237,  2.7916,
3 STDDEV,   15.0178,    4.1823,  199.7680,0.0009,0.0177,
RANGE,   19.3509,    5.8304,  236.8425,0.0010,0.0213,
Site #,Value,Value,Value,Value,Value, X , Y ,
1,  156.1633,  414.3753, 2591.2222,3.8753,0.6289, -7.5960,-19.9920,
2,  167.4549,  413.5090, 2645.3281,3.8750,0.6350, 70.0920,-19.9920,
3,  172.7825,  413.9550, 2601.2236,3.8751,0.6367, 18.3000,-80.5680,
4,  172.1387,  412.4070, 2557.0947,3.8754,0.6350,-59.3880,-80.5680,
5,  170.2790,  412.9257, 2601.3635,3.8751,0.6285,-85.2840, 10.2960,
6,  164.3347,  412.6922, 2590.8696,3.8751,0.6280,-33.4920, 70.8720,
7,  161.3222,  415.9680, 2635.6152,3.8750,0.6317, 44.1960, 40.5840,
8,  162.9209,  412.5017, 2615.7939,3.8752,0.6275,121.8840,-19.9920,
9,  170.5545,  412.8163, 2581.7117,3.8754,0.6266, 95.9880,-80.5680,
10,  171.9997,  412.9858, 2552.9954,3.8757,0.6326, 44.1960,-110.8560,
11,  170.8223,  412.3373, 2493.4995,3.8757,0.6364,-59.3880,-110.8560,
12,  175.5143,  410.2425, 2408.4856,3.8760,0.6479,-111.1800,-80.5680,
13,  172.1583,  410.1377, 2432.6006,3.8759,0.6432,-137.0760,-19.9920,
14,  165.2786,  411.7297, 2547.8113,3.8754,0.6291,-111.1800, 40.5840,
15,  166.4124,  412.4544, 2510.5076,3.8756,0.6297,-33.4920,101.1600,
16,  164.7675,  412.5470, 2521.8569,3.8755,0.6302, 18.3000,101.1600,
17,  164.9819,  413.9244, 2597.1067,3.8751,0.6276, 95.9880, 40.5840,

WAFER ID,"HF02078007",
LOT ID,"Q515100",
Cassette,Left,
SLOT,7,
STATUS,"",
DATA TYPE,SE,
RECIPE,"C028Z/BTH_LDDSE_PRESPACZ2B_Z",
RCP CNT,1,
MEAS SET,SOI: C028Z-STI-OXIPAD,
MATERIAL,"Thermal SiO2 {W}",
SITE,1,
RESULT TYPE,3rd Thickness,2nd Thickness,1st Thickness,GOF ,
MEAN,   23.9077,   91.5100,  257.2248,0.8858,
MIN,   22.5753,   88.6177,  254.2788,0.8791,
MAX,   24.7824,   95.2031,  259.9358,0.8938,
% STDDEV,  2.8494,  1.7995,  0.7636,  0.4858,
STDDEV,    0.6812,    1.6467,    1.9641,0.0043,
3 % STDDEV,  8.5482,  5.3986,  2.2907,  1.4573,
3 STDDEV,    2.0437,    4.9402,    5.8923,0.0129,
RANGE,    2.2070,    6.5854,    5.6570,0.0147,
Site #,Value,Value,Value,Value, X , Y ,
1,   24.6904,   91.8710,  258.5910,0.8859, -7.2360,-19.9920,
2,   24.5488,   89.5985,  258.0292,0.8805, 70.4520,-19.9920,
3,   24.2243,   92.3518,  256.8035,0.8885, 18.6600,-80.5680,
4,   23.9680,   90.1500,  255.7800,0.8791,-59.0280,-80.5680,
5,   23.7885,   92.7516,  258.1687,0.8910,-84.9240, 10.2960,
6,   24.4330,   91.4644,  259.9358,0.8848,-33.1320, 70.8720,
7,   24.7824,   90.4304,  259.7444,0.8820, 44.5560, 40.5840,
8,   23.3287,   91.7950,  256.4507,0.8877,122.2440,-19.9920,
9,   23.2211,   88.6177,  255.4117,0.8799, 96.3480,-80.5680,
10,   23.5725,   91.0916,  255.1613,0.8858, 44.5560,-110.8560,
11,   23.5336,   91.1240,  254.5953,0.8847,-59.0280,-110.8560,
12,   22.9043,   95.2031,  254.2788,0.8938,-110.8200,-80.5680,
13,   22.5753,   94.2002,  254.6520,0.8904,-136.7160,-19.9920,
14,   23.3408,   92.7132,  257.8735,0.8895,-110.8200, 40.5840,
15,   24.4495,   91.3861,  259.3065,0.8889,-33.1320,101.1600,
16,   24.5536,   91.1757,  259.6534,0.8852, 18.6600,101.1600,
17,   24.5151,   89.7452,  258.3849,0.8807, 96.3480, 40.5840,

WAFER ID,"HF02078007",
LOT ID,"Q515100",
Cassette,Left,
SLOT,7,
STATUS,"",
DATA TYPE,SE,
RECIPE,"C028Z/BTH_LDDSE_PRESPACZ2B_Z",
RCP CNT,1,
MEAS SET,C028-GATE-DEPPOLY,
MATERIAL,"Thermal SiO2",
SITE,1,
RESULT TYPE,3rd Thickness,2nd Thickness,1st Thickness,2nd RI @ 633.0nm,GOF ,
MEAN,  178.7660,  411.9196, 2538.9775,3.8756,0.6361,
MIN,  167.1974,  409.8963, 2360.5945,3.8752,0.6290,
MAX,  187.3659,  414.4548, 2638.2209,3.8762,0.6578,
% STDDEV,  2.9286,  0.2604,  3.0648,  0.0087,  1.2846,
STDDEV,    5.2353,    1.0725,   77.8140,0.0003,0.0082,
3 % STDDEV,  8.7857,  0.7811,  9.1943,  0.0262,  3.8538,
3 STDDEV,   15.7059,    3.2176,  233.4419,0.0010,0.0245,
RANGE,   20.1685,    4.5585,  277.6265,0.0010,0.0288,
Site #,Value,Value,Value,Value,Value, X , Y ,
1,  167.1974,  414.4548, 2582.6387,3.8752,0.6325, -7.5960,-19.9920,
2,  179.1733,  411.5459, 2612.2227,3.8753,0.6346, 70.0920,-19.9920,
3,  184.7013,  412.0885, 2596.8596,3.8753,0.6386, 18.3000,-80.5680,
4,  183.0325,  411.6523, 2602.7688,3.8753,0.6350,-59.3880,-80.5680,
5,  180.9432,  411.8293, 2567.6743,3.8754,0.6297,-85.2840, 10.2960,
6,  176.4504,  411.6780, 2536.5063,3.8755,0.6307,-33.4920, 70.8720,
7,  171.6855,  413.1872, 2638.2209,3.8752,0.6303, 44.1960, 40.5840,
8,  173.4151,  411.7184, 2577.3804,3.8754,0.6300,121.8840,-19.9920,
9,  180.8958,  411.4296, 2549.4910,3.8756,0.6314, 95.9880,-80.5680,
10,  182.6714,  411.8141, 2568.9866,3.8755,0.6339, 44.1960,-110.8560,
11,  181.9088,  413.1440, 2529.4319,3.8756,0.6361,-59.3880,-110.8560,
12,  187.3659,  410.3549, 2360.5945,3.8762,0.6578,-111.1800,-80.5680,
13,  184.1062,  409.8963, 2372.6013,3.8762,0.6549,-137.0760,-19.9920,
14,  177.2762,  411.1207, 2481.8105,3.8760,0.6355,-111.1800, 40.5840,
15,  178.0101,  411.7285, 2478.7327,3.8760,0.6376,-33.4920,101.1600,
16,  175.5118,  412.0510, 2520.7791,3.8757,0.6359, 18.3000,101.1600,
17,  174.6775,  412.9396, 2585.9175,3.8753,0.6290, 95.9880, 40.5840,

WAFER ID,"HF02078008",
LOT ID,"Q515100",
Cassette,Left,
SLOT,8,
STATUS,"",
DATA TYPE,SE,
RECIPE,"C028Z/BTH_LDDSE_PRESPACZ2B_Z",
RCP CNT,1,
MEAS SET,SOI: C028Z-STI-OXIPAD,
MATERIAL,"Thermal SiO2 {W}",
SITE,1,
RESULT TYPE,3rd Thickness,2nd Thickness,1st Thickness,GOF ,
MEAN,   23.8828,   92.4347,  257.3029,0.8871,
MIN,   22.5539,   89.7670,  254.2647,0.8824,
MAX,   24.8080,   96.3111,  260.3695,0.8950,
% STDDEV,  2.8099,  1.7486,  0.8046,  0.4257,
STDDEV,    0.6711,    1.6163,    2.0703,0.0038,
3 % STDDEV,  8.4297,  5.2457,  2.4138,  1.2772,
3 STDDEV,    2.0133,    4.8489,    6.2109,0.0113,
RANGE,    2.2541,    6.5441,    6.1049,0.0125,
Site #,Value,Value,Value,Value, X , Y ,
1,   24.5471,   93.1020,  258.8323,0.8897, -7.2360,-19.9920,
2,   24.4534,   90.7738,  258.1965,0.8833, 70.4520,-19.9920,
3,   24.1873,   93.9183,  256.9702,0.8921, 18.6600,-80.5680,
4,   23.9254,   91.2375,  255.8306,0.8844,-59.0280,-80.5680,
5,   23.7857,   93.8350,  258.3235,0.8920,-84.9240, 10.2960,
6,   24.3668,   92.6667,  260.3695,0.8842,-33.1320, 70.8720,
7,   24.8080,   91.5790,  259.6847,0.8849, 44.5560, 40.5840,
8,   23.3808,   92.2246,  256.1373,0.8884,122.2440,-19.9920,
9,   23.1811,   89.7670,  255.3667,0.8827, 96.3480,-80.5680,
10,   23.5721,   92.1805,  255.1618,0.8856, 44.5560,-110.8560,
11,   23.5355,   91.9878,  254.8517,0.8844,-59.0280,-110.8560,
12,   22.8311,   96.3111,  254.2647,0.8950,-110.8200,-80.5680,
13,   22.5539,   94.4945,  254.4816,0.8907,-136.7160,-19.9920,
14,   23.3944,   92.7676,  257.6751,0.8884,-110.8200, 40.5840,
15,   24.3216,   92.3621,  259.8296,0.8886,-33.1320,101.1600,
16,   24.6134,   92.0388,  259.8820,0.8846, 18.6600,101.1600,
17,   24.5508,   90.1443,  258.2920,0.8824, 96.3480, 40.5840,

WAFER ID,"HF02078008",
LOT ID,"Q515100",
Cassette,Left,
SLOT,8,
STATUS,"",
DATA TYPE,SE,
RECIPE,"C028Z/BTH_LDDSE_PRESPACZ2B_Z",
RCP CNT,1,
MEAS SET,C028-GATE-DEPPOLY,
MATERIAL,"Thermal SiO2",
SITE,1,
RESULT TYPE,3rd Thickness,2nd Thickness,1st Thickness,2nd RI @ 633.0nm,GOF ,
MEAN,  173.2224,  413.1964, 2511.5664,3.8755,0.6360,
MIN,  162.8409,  410.0443, 2176.9116,3.8751,0.6249,
MAX,  184.4995,  416.4939, 2619.7151,3.8760,0.6876,
% STDDEV,  3.2225,  0.3747,  4.7450,  0.0073,  2.6423,
STDDEV,    5.5821,    1.5482,  119.1743,0.0003,0.0168,
3 % STDDEV,  9.6675,  1.1240, 14.2351,  0.0220,  7.9270,
3 STDDEV,   16.7463,    4.6445,  357.5229,0.0009,0.0504,
RANGE,   21.6586,    6.4496,  442.8035,0.0010,0.0627,
Site #,Value,Value,Value,Value,Value, X , Y ,
1,  162.8409,  414.4265, 2508.9829,3.8758,0.6326, -7.5960,-19.9920,
2,  169.9355,  416.4939, 2593.4524,3.8752,0.6306, 70.0920,-19.9920,
3,  174.4106,  412.3181, 2522.6064,3.8757,0.6369, 18.3000,-80.5680,
4,  175.7916,  412.6694, 2508.8904,3.8758,0.6348,-59.3880,-80.5680,
5,  175.3692,  412.8296, 2564.1199,3.8755,0.6294,-85.2840, 10.2960,
6,  172.4162,  415.0411, 2586.7771,3.8752,0.6260,-33.4920, 70.8720,
7,  163.9683,  414.4517, 2619.7151,3.8751,0.6289, 44.1960, 40.5840,
8,  172.1438,  413.2920, 2550.8257,3.8755,0.6280,121.8840,-19.9920,
9,  173.3355,  412.4070, 2540.5710,3.8757,0.6279, 95.9880,-80.5680,
10,  173.6442,  412.5580, 2539.1221,3.8757,0.6295, 44.1960,-110.8560,
11,  176.6204,  413.2580, 2448.8745,3.8760,0.6371,-59.3880,-110.8560,
12,  183.7013,  410.6611, 2176.9116,3.8754,0.6876,-111.1800,-80.5680,
13,  184.4995,  410.0443, 2254.2937,3.8758,0.6701,-137.0760,-19.9920,
14,  175.3650,  412.2537, 2560.6140,3.8755,0.6287,-111.1800, 40.5840,
15,  170.3807,  413.9490, 2554.8833,3.8754,0.6249,-33.4920,101.1600,
16,  170.1767,  413.6183, 2566.5063,3.8753,0.6317, 18.3000,101.1600,
17,  170.1813,  414.0680, 2599.4810,3.8751,0.6266, 95.9880, 40.5840,

WAFER ID,"HF02078009",
LOT ID,"Q515100",
Cassette,Left,
SLOT,9,
STATUS,"",
DATA TYPE,SE,
RECIPE,"C028Z/BTH_LDDSE_PRESPACZ2B_Z",
RCP CNT,1,
MEAS SET,SOI: C028Z-STI-OXIPAD,
MATERIAL,"Thermal SiO2 {W}",
SITE,1,
RESULT TYPE,3rd Thickness,2nd Thickness,1st Thickness,GOF ,
MEAN,   25.1922,   93.2046,  256.5112,0.8308,
MIN,   23.7180,   89.4468,  253.3511,0.8129,
MAX,   26.2512,   95.7397,  259.4852,0.8434,
% STDDEV,  3.0304,  1.7277,  0.8263,  0.9348,
STDDEV,    0.7634,    1.6103,    2.1196,0.0078,
3 % STDDEV,  9.0913,  5.1832,  2.4790,  2.8043,
3 STDDEV,    2.2903,    4.8310,    6.3589,0.0233,
RANGE,    2.5332,    6.2929,    6.1341,0.0305,
Site #,Value,Value,Value,Value, X , Y ,
1,   25.8935,   94.2339,  258.2062,0.8434, -7.2360,-19.9920,
2,   25.9582,   90.7178,  257.1755,0.8174, 70.4520,-19.9920,
3,   25.5647,   93.8776,  256.1650,0.8315, 18.6600,-80.5680,
4,   25.2685,   92.2694,  255.2253,0.8282,-59.0280,-80.5680,
5,   25.1216,   94.2604,  257.5605,0.8331,-84.9240, 10.2960,
6,   25.8946,   93.6590,  259.4852,0.8252,-33.1320, 70.8720,
7,   26.2512,   92.4129,  259.1142,0.8289, 44.5560, 40.5840,
8,   24.5341,   92.7779,  255.2715,0.8293,122.2440,-19.9920,
9,   24.4496,   89.4468,  254.4322,0.8129, 96.3480,-80.5680,
10,   24.6989,   93.0923,  254.5359,0.8332, 44.5560,-110.8560,
11,   24.8043,   92.5645,  253.7131,0.8287,-59.0280,-110.8560,
12,   24.0718,   95.7397,  253.3511,0.8374,-110.8200,-80.5680,
13,   23.7180,   95.6825,  253.6277,0.8384,-136.7160,-19.9920,
14,   24.5513,   94.1566,  257.0722,0.8385,-110.8200, 40.5840,
15,   25.6918,   93.8832,  259.0027,0.8380,-33.1320,101.1600,
16,   25.9957,   93.8675,  258.9712,0.8338, 18.6600,101.1600,
17,   25.7998,   91.8358,  257.7805,0.8259, 96.3480, 40.5840,

WAFER ID,"HF02078009",
LOT ID,"Q515100",
Cassette,Left,
SLOT,9,
STATUS,"",
DATA TYPE,SE,
RECIPE,"C028Z/BTH_LDDSE_PRESPACZ2B_Z",
RCP CNT,1,
MEAS SET,C028-GATE-DEPPOLY,
MATERIAL,"Thermal SiO2",
SITE,1,
RESULT TYPE,3rd Thickness,2nd Thickness,1st Thickness,2nd RI @ 633.0nm,GOF ,
MEAN,  146.2352,  414.1313, 2538.0313,3.8752,0.6260,
MIN,  137.5416,  411.2435, 2429.9993,3.8749,0.6202,
MAX,  154.2191,  416.7250, 2629.8442,3.8757,0.6340,
% STDDEV,  3.3310,  0.3410,  2.6331,  0.0068,  0.5631,
STDDEV,    4.8711,    1.4122,   66.8287,0.0003,0.0035,
3 % STDDEV,  9.9931,  1.0230,  7.8993,  0.0204,  1.6892,
3 STDDEV,   14.6134,    4.2366,  200.4862,0.0008,0.0106,
RANGE,   16.6775,    5.4815,  199.8450,0.0008,0.0138,
Site #,Value,Value,Value,Value,Value, X , Y ,
1,  137.5416,  415.7347, 2586.2263,3.8752,0.6260, -7.5960,-19.9920,
2,  145.7521,  416.7250, 2527.0317,3.8752,0.6244, 70.0920,-19.9920,
3,  143.9564,  413.2952, 2526.0496,3.8752,0.6269, 18.3000,-80.5680,
4,  146.2042,  414.2307, 2622.8618,3.8750,0.6297,-59.3880,-80.5680,
5,  149.9177,  414.0118, 2629.8442,3.8749,0.6243,-85.2840, 10.2960,
6,  154.2191,  415.2704, 2588.6265,3.8750,0.6237,-33.4920, 70.8720,
7,  146.4752,  415.8626, 2610.8645,3.8750,0.6249, 44.1960, 40.5840,
8,  142.4718,  413.4284, 2469.2786,3.8755,0.6273,121.8840,-19.9920,
9,  141.9975,  412.7598, 2443.7390,3.8757,0.6243, 95.9880,-80.5680,
10,  142.4544,  413.2850, 2484.6240,3.8755,0.6249, 44.1960,-110.8560,
11,  140.2664,  414.1823, 2570.4326,3.8750,0.6251,-59.3880,-110.8560,
12,  141.9619,  412.1339, 2429.9993,3.8755,0.6320,-111.1800,-80.5680,
13,  146.9323,  411.2435, 2434.5054,3.8757,0.6340,-137.0760,-19.9920,
14,  149.3671,  413.5593, 2601.4580,3.8750,0.6202,-111.1800, 40.5840,
15,  152.9398,  414.6357, 2545.8669,3.8752,0.6216,-33.4920,101.1600,
16,  153.2635,  414.5558, 2563.8870,3.8751,0.6289, 18.3000,101.1600,
17,  150.2767,  415.3176, 2511.2356,3.8753,0.6240, 95.9880, 40.5840,

WAFER ID,"HF02078010",
LOT ID,"Q515100",
Cassette,Left,
SLOT,10,
STATUS,"",
DATA TYPE,SE,
RECIPE,"C028Z/BTH_LDDSE_PRESPACZ2B_Z",
RCP CNT,1,
MEAS SET,SOI: C028Z-STI-OXIPAD,
MATERIAL,"Thermal SiO2 {W}",
SITE,1,
RESULT TYPE,3rd Thickness,2nd Thickness,1st Thickness,GOF ,
MEAN,   25.3297,   92.9334,  256.3483,0.8245,
MIN,   24.2554,   89.3552,  252.9433,0.8080,
MAX,   26.3049,   95.7368,  259.2833,0.8412,
% STDDEV,  2.6179,  1.7100,  0.8724,  1.0152,
STDDEV,    0.6631,    1.5892,    2.2364,0.0084,
3 % STDDEV,  7.8537,  5.1301,  2.6173,  3.0457,
3 STDDEV,    1.9893,    4.7675,    6.7093,0.0251,
RANGE,    2.0495,    6.3816,    6.3401,0.0332,
Site #,Value,Value,Value,Value, X , Y ,
1,   25.8242,   94.7603,  258.3909,0.8412, -7.2360,-19.9920,
2,   26.2356,   90.7979,  257.4160,0.8108, 70.4520,-19.9920,
3,   25.6455,   93.3442,  255.8864,0.8204, 18.6600,-80.5680,
4,   25.4130,   90.8647,  254.7511,0.8140,-59.0280,-80.5680,
5,   25.2448,   93.0219,  256.9753,0.8232,-84.9240, 10.2960,
6,   25.7683,   93.0823,  259.2073,0.8213,-33.1320, 70.8720,
7,   26.3049,   92.4682,  259.2833,0.8248, 44.5560, 40.5840,
8,   25.5175,   92.6190,  255.3002,0.8257,122.2440,-19.9920,
9,   24.6387,   89.3552,  254.3687,0.8080, 96.3480,-80.5680,
10,   24.5732,   92.7928,  254.4065,0.8272, 44.5560,-110.8560,
11,   24.8306,   92.3478,  253.5241,0.8219,-59.0280,-110.8560,
12,   24.5408,   95.7368,  252.9433,0.8289,-110.8200,-80.5680,
13,   24.2554,   95.1191,  253.0961,0.8307,-136.7160,-19.9920,
14,   24.4342,   93.7261,  256.6326,0.8348,-110.8200, 40.5840,
15,   25.4840,   93.8716,  258.8341,0.8321,-33.1320,101.1600,
16,   25.8655,   93.4282,  259.0504,0.8255, 18.6600,101.1600,
17,   26.0292,   92.5321,  257.8553,0.8263, 96.3480, 40.5840,

WAFER ID,"HF02078010",
LOT ID,"Q515100",
Cassette,Left,
SLOT,10,
STATUS,"",
DATA TYPE,SE,
RECIPE,"C028Z/BTH_LDDSE_PRESPACZ2B_Z",
RCP CNT,1,
MEAS SET,C028-GATE-DEPPOLY,
MATERIAL,"Thermal SiO2",
SITE,1,
RESULT TYPE,3rd Thickness,2nd Thickness,1st Thickness,2nd RI @ 633.0nm,GOF ,
MEAN,  145.7966,  414.4797, 2566.3535,3.8752,0.6250,
MIN,  138.4390,  411.0166, 2453.7339,3.8750,0.6196,
MAX,  150.9275,  417.1079, 2620.3718,3.8756,0.6353,
% STDDEV,  2.1844,  0.3727,  1.8625,  0.0051,  0.6042,
STDDEV,    3.1848,    1.5448,   47.7988,0.0002,0.0038,
3 % STDDEV,  6.5532,  1.1181,  5.5876,  0.0153,  1.8125,
3 STDDEV,    9.5543,    4.6343,  143.3965,0.0006,0.0113,
RANGE,   12.4885,    6.0913,  166.6379,0.0006,0.0157,
Site #,Value,Value,Value,Value,Value, X , Y ,
1,  138.4390,  415.3683, 2569.4631,3.8753,0.6263, -7.5960,-19.9920,
2,  144.8281,  415.7303, 2620.3718,3.8750,0.6272, 70.0920,-19.9920,
3,  147.8566,  416.5499, 2610.1897,3.8750,0.6277, 18.3000,-80.5680,
4,  147.2803,  414.1318, 2607.6653,3.8750,0.6266,-59.3880,-80.5680,
5,  147.6102,  415.2766, 2596.3032,3.8750,0.6244,-85.2840, 10.2960,
6,  145.8007,  414.5612, 2538.7571,3.8753,0.6230,-33.4920, 70.8720,
7,  139.7430,  417.1079, 2614.7156,3.8750,0.6244, 44.1960, 40.5840,
8,  145.6837,  413.4851, 2564.3809,3.8752,0.6231,121.8840,-19.9920,
9,  146.3395,  413.7226, 2534.1526,3.8754,0.6216, 95.9880,-80.5680,
10,  147.1037,  414.7317, 2595.2144,3.8751,0.6221, 44.1960,-110.8560,
11,  147.0527,  414.9873, 2554.1538,3.8752,0.6257,-59.3880,-110.8560,
12,  150.9275,  411.6989, 2453.7339,3.8756,0.6353,-111.1800,-80.5680,
13,  150.7010,  411.0166, 2475.6558,3.8756,0.6301,-137.0760,-19.9920,
14,  145.9034,  413.7166, 2590.7241,3.8751,0.6196,-111.1800, 40.5840,
15,  143.5756,  414.2192, 2559.0618,3.8752,0.6213,-33.4920,101.1600,
16,  144.6066,  414.1459, 2537.3425,3.8753,0.6225, 18.3000,101.1600,
17,  145.0912,  415.7046, 2606.1243,3.8750,0.6238, 95.9880, 40.5840,

WAFER ID,"HF02078011",
LOT ID,"Q515100",
Cassette,Left,
SLOT,11,
STATUS,"",
DATA TYPE,SE,
RECIPE,"C028Z/BTH_LDDSE_PRESPACZ2B_Z",
RCP CNT,1,
MEAS SET,SOI: C028Z-STI-OXIPAD,
MATERIAL,"Thermal SiO2 {W}",
SITE,1,
RESULT TYPE,3rd Thickness,2nd Thickness,1st Thickness,GOF ,
MEAN,   24.0245,   91.8308,  257.0198,0.8864,
MIN,   22.6440,   88.0783,  253.5874,0.8768,
MAX,   24.9732,   95.2388,  260.2730,0.8954,
% STDDEV,  2.8271,  1.8287,  0.8774,  0.5064,
STDDEV,    0.6792,    1.6793,    2.2552,0.0045,
3 % STDDEV,  8.4812,  5.4862,  2.6323,  1.5193,
3 STDDEV,    2.0376,    5.0380,    6.7657,0.0135,
RANGE,    2.3292,    7.1605,    6.6856,0.0186,
Site #,Value,Value,Value,Value, X , Y ,
1,   24.7394,   92.4476,  258.8714,0.8880, -7.2360,-19.9920,
2,   24.6406,   89.0160,  258.0478,0.8777, 70.4520,-19.9920,
3,   24.3745,   93.1261,  256.7886,0.8909, 18.6600,-80.5680,
4,   24.0916,   90.9369,  255.8351,0.8830,-59.0280,-80.5680,
5,   23.8547,   92.9871,  257.9670,0.8905,-84.9240, 10.2960,
6,   24.5109,   92.7552,  260.2730,0.8894,-33.1320, 70.8720,
7,   24.9732,   91.2170,  259.8954,0.8859, 44.5560, 40.5840,
8,   23.5050,   91.0547,  255.6615,0.8882,122.2440,-19.9920,
9,   23.3881,   88.0783,  254.6038,0.8768, 96.3480,-80.5680,
10,   23.6894,   90.6660,  254.8216,0.8849, 44.5560,-110.8560,
11,   23.6364,   91.9018,  254.4051,0.8858,-59.0280,-110.8560,
12,   23.0496,   95.2388,  253.5874,0.8954,-110.8200,-80.5680,
13,   22.6440,   93.5291,  253.8656,0.8867,-136.7160,-19.9920,
14,   23.4601,   92.0233,  257.3198,0.8855,-110.8200, 40.5840,
15,   24.5011,   92.6320,  259.3726,0.8886,-33.1320,101.1600,
16,   24.7131,   92.2770,  259.7362,0.8856, 18.6600,101.1600,
17,   24.6441,   91.2374,  258.2840,0.8864, 96.3480, 40.5840,

WAFER ID,"HF02078011",
LOT ID,"Q515100",
Cassette,Left,
SLOT,11,
STATUS,"",
DATA TYPE,SE,
RECIPE,"C028Z/BTH_LDDSE_PRESPACZ2B_Z",
RCP CNT,1,
MEAS SET,C028-GATE-DEPPOLY,
MATERIAL,"Thermal SiO2",
SITE,1,
RESULT TYPE,3rd Thickness,2nd Thickness,1st Thickness,2nd RI @ 633.0nm,GOF ,
MEAN,  167.1536,  410.7068, 2545.3459,3.8757,0.6340,
MIN,  156.6609,  408.9295, 2449.3994,3.8752,0.6275,
MAX,  177.4953,  414.2022, 2642.8989,3.8761,0.6433,
% STDDEV,  3.0594,  0.3161,  2.6264,  0.0074,  0.7314,
STDDEV,    5.1140,    1.2983,   66.8503,0.0003,0.0046,
3 % STDDEV,  9.1783,  0.9483,  7.8791,  0.0221,  2.1943,
3 STDDEV,   15.3419,    3.8948,  200.5508,0.0009,0.0139,
RANGE,   20.8344,    5.2727,  193.4995,0.0010,0.0157,
Site #,Value,Value,Value,Value,Value, X , Y ,
1,  156.6609,  412.6084, 2622.7588,3.8754,0.6304, -7.5960,-19.9920,
2,  165.1992,  410.2046, 2619.6741,3.8755,0.6328, 70.0920,-19.9920,
3,  169.3175,  412.1139, 2642.8989,3.8752,0.6349, 18.3000,-80.5680,
4,  168.8389,  410.1760, 2576.3616,3.8755,0.6349,-59.3880,-80.5680,
5,  167.8876,  411.0544, 2592.4739,3.8754,0.6275,-85.2840, 10.2960,
6,  166.5301,  410.3845, 2543.4019,3.8755,0.6319,-33.4920, 70.8720,
7,  158.5111,  414.2022, 2609.6206,3.8753,0.6277, 44.1960, 40.5840,
8,  166.8592,  410.1375, 2593.0562,3.8755,0.6310,121.8840,-19.9920,
9,  167.8829,  410.1992, 2573.5386,3.8756,0.6293, 95.9880,-80.5680,
10,  168.1170,  410.5324, 2574.9944,3.8757,0.6311, 44.1960,-110.8560,
11,  169.9386,  411.5832, 2517.0437,3.8757,0.6353,-59.3880,-110.8560,
12,  176.0605,  409.2900, 2449.3994,3.8761,0.6432,-111.1800,-80.5680,
13,  177.4953,  408.9295, 2449.6611,3.8761,0.6433,-137.0760,-19.9920,
14,  168.9961,  409.8199, 2472.7119,3.8760,0.6364,-111.1800, 40.5840,
15,  164.2309,  409.9727, 2466.7751,3.8758,0.6358,-33.4920,101.1600,
16,  164.2062,  409.9918, 2462.2878,3.8760,0.6385, 18.3000,101.1600,
17,  164.8799,  410.8149, 2504.2222,3.8758,0.6340, 95.9880, 40.5840,

WAFER ID,"HF02078012",
LOT ID,"Q515100",
Cassette,Left,
SLOT,12,
STATUS,"",
DATA TYPE,SE,
RECIPE,"C028Z/BTH_LDDSE_PRESPACZ2B_Z",
RCP CNT,1,
MEAS SET,SOI: C028Z-STI-OXIPAD,
MATERIAL,"Thermal SiO2 {W}",
SITE,1,
RESULT TYPE,3rd Thickness,2nd Thickness,1st Thickness,GOF ,
MEAN,   24.0225,   92.9483,  257.2132,0.8884,
MIN,   22.5860,   88.7271,  253.0410,0.8777,
MAX,   24.9540,   95.6848,  260.8398,0.8941,
% STDDEV,  2.9539,  1.8290,  1.0360,  0.4828,
STDDEV,    0.7096,    1.7000,    2.6647,0.0043,
3 % STDDEV,  8.8618,  5.4870,  3.1079,  1.4483,
3 STDDEV,    2.1288,    5.1000,    7.9940,0.0129,
RANGE,    2.3681,    6.9577,    7.7988,0.0164,
Site #,Value,Value,Value,Value, X , Y ,
1,   24.7329,   93.7452,  259.9529,0.8892, -7.2360,-19.9920,
2,   24.7602,   90.4350,  258.4442,0.8815, 70.4520,-19.9920,
3,   24.4076,   93.7076,  257.1026,0.8878, 18.6600,-80.5680,
4,   24.0644,   92.1517,  255.8623,0.8855,-59.0280,-80.5680,
5,   23.8011,   94.2900,  258.2611,0.8941,-84.9240, 10.2960,
6,   24.5745,   93.9096,  260.8175,0.8926,-33.1320, 70.8720,
7,   24.9540,   92.2108,  260.8398,0.8888, 44.5560, 40.5840,
8,   23.5345,   91.8158,  255.4845,0.8890,122.2440,-19.9920,
9,   23.2785,   88.7271,  254.7688,0.8777, 96.3480,-80.5680,
10,   23.7469,   91.8100,  254.6420,0.8873, 44.5560,-110.8560,
11,   23.6073,   92.5973,  254.3569,0.8845,-59.0280,-110.8560,
12,   23.0173,   95.6848,  253.1208,0.8921,-110.8200,-80.5680,
13,   22.5860,   95.2345,  253.0410,0.8932,-136.7160,-19.9920,
14,   23.4088,   93.6340,  257.3609,0.8903,-110.8200, 40.5840,
15,   24.5361,   93.7652,  259.9921,0.8913,-33.1320,101.1600,
16,   24.6996,   93.5943,  260.0833,0.8878, 18.6600,101.1600,
17,   24.6731,   92.8083,  258.4929,0.8907, 96.3480, 40.5840,

WAFER ID,"HF02078012",
LOT ID,"Q515100",
Cassette,Left,
SLOT,12,
STATUS,"",
DATA TYPE,SE,
RECIPE,"C028Z/BTH_LDDSE_PRESPACZ2B_Z",
RCP CNT,1,
MEAS SET,C028-GATE-DEPPOLY,
MATERIAL,"Thermal SiO2",
SITE,1,
RESULT TYPE,3rd Thickness,2nd Thickness,1st Thickness,2nd RI @ 633.0nm,GOF ,
MEAN,  162.8117,  411.2606, 2545.6208,3.8755,0.6323,
MIN,  148.3606,  409.0792, 2363.2329,3.8750,0.6255,
MAX,  173.5038,  414.1506, 2645.0601,3.8761,0.6560,
% STDDEV,  3.5511,  0.2949,  2.9444,  0.0078,  1.2607,
STDDEV,    5.7817,    1.2126,   74.9521,0.0003,0.0080,
3 % STDDEV, 10.6534,  0.8846,  8.8331,  0.0235,  3.7820,
3 STDDEV,   17.3450,    3.6379,  224.8562,0.0009,0.0239,
RANGE,   25.1432,    5.0715,  281.8271,0.0011,0.0304,
Site #,Value,Value,Value,Value,Value, X , Y ,
1,  148.3606,  412.9725, 2584.8047,3.8754,0.6285, -7.5960,-19.9920,
2,  160.9847,  411.1526, 2543.4270,3.8757,0.6290, 70.0920,-19.9920,
3,  163.4012,  412.1273, 2556.0215,3.8755,0.6309, 18.3000,-80.5680,
4,  166.8375,  410.8717, 2557.0947,3.8755,0.6354,-59.3880,-80.5680,
5,  166.1119,  411.5888, 2603.6711,3.8752,0.6281,-85.2840, 10.2960,
6,  160.4441,  411.3480, 2636.2810,3.8752,0.6280,-33.4920, 70.8720,
7,  154.9511,  414.1506, 2574.6270,3.8753,0.6261, 44.1960, 40.5840,
8,  162.4419,  410.3590, 2516.1643,3.8758,0.6321,121.8840,-19.9920,
9,  162.7999,  410.8732, 2525.0833,3.8758,0.6293, 95.9880,-80.5680,
10,  163.9770,  411.1594, 2549.1553,3.8756,0.6317, 44.1960,-110.8560,
11,  166.4603,  411.9492, 2499.3052,3.8757,0.6340,-59.3880,-110.8560,
12,  173.5038,  409.1520, 2363.2329,3.8760,0.6560,-111.1800,-80.5680,
13,  171.9071,  409.0792, 2393.9167,3.8761,0.6481,-137.0760,-19.9920,
14,  162.7873,  410.7338, 2577.6467,3.8755,0.6273,-111.1800, 40.5840,
15,  159.6415,  411.3392, 2645.0601,3.8750,0.6255,-33.4920,101.1600,
16,  160.3771,  410.9143, 2615.6775,3.8753,0.6298, 18.3000,101.1600,
17,  162.8119,  411.6594, 2534.3862,3.8756,0.6298, 95.9880, 40.5840,

WAFER ID,"HF02078013",
LOT ID,"Q515100",
Cassette,Left,
SLOT,13,
STATUS,"",
DATA TYPE,SE,
RECIPE,"C028Z/BTH_LDDSE_PRESPACZ2B_Z",
RCP CNT,1,
MEAS SET,SOI: C028Z-STI-OXIPAD,
MATERIAL,"Thermal SiO2 {W}",
SITE,1,
RESULT TYPE,3rd Thickness,2nd Thickness,1st Thickness,GOF ,
MEAN,   24.0452,   92.3872,  257.1189,0.8872,
MIN,   22.6858,   87.9000,  252.4835,0.8744,
MAX,   24.9861,   95.7094,  260.7650,0.8945,
% STDDEV,  2.8832,  1.9555,  1.0398,  0.5883,
STDDEV,    0.6933,    1.8066,    2.6734,0.0052,
3 % STDDEV,  8.6497,  5.8666,  3.1193,  1.7648,
3 STDDEV,    2.0798,    5.4199,    8.0203,0.0157,
RANGE,    2.3003,    7.8094,    8.2814,0.0201,
Site #,Value,Value,Value,Value, X , Y ,
1,   24.8014,   92.5776,  259.9634,0.8860, -7.2360,-19.9920,
2,   24.6916,   89.2514,  258.4754,0.8775, 70.4520,-19.9920,
3,   24.4064,   92.5062,  257.1469,0.8874, 18.6600,-80.5680,
4,   24.0229,   93.0485,  256.1227,0.8895,-59.0280,-80.5680,
5,   23.8281,   93.2345,  257.9826,0.8885,-84.9240, 10.2960,
6,   24.5723,   93.7821,  260.6184,0.8943,-33.1320, 70.8720,
7,   24.9861,   91.7250,  260.7650,0.8858, 44.5560, 40.5840,
8,   23.5507,   91.6033,  255.6129,0.8865,122.2440,-19.9920,
9,   23.3795,   87.9000,  254.6645,0.8744, 96.3480,-80.5680,
10,   23.7207,   91.3644,  254.7892,0.8838, 44.5560,-110.8560,
11,   23.6274,   92.9519,  254.5590,0.8875,-59.0280,-110.8560,
12,   22.9995,   95.7094,  252.8956,0.8945,-110.8200,-80.5680,
13,   22.6858,   93.8198,  252.4835,0.8896,-136.7160,-19.9920,
14,   23.5110,   92.7345,  256.6611,0.8889,-110.8200, 40.5840,
15,   24.5377,   93.3228,  259.5690,0.8935,-33.1320,101.1600,
16,   24.7435,   93.6571,  260.1710,0.8892, 18.6600,101.1600,
17,   24.7044,   91.3933,  258.5401,0.8862, 96.3480, 40.5840,

WAFER ID,"HF02078013",
LOT ID,"Q515100",
Cassette,Left,
SLOT,13,
STATUS,"",
DATA TYPE,SE,
RECIPE,"C028Z/BTH_LDDSE_PRESPACZ2B_Z",
RCP CNT,1,
MEAS SET,C028-GATE-DEPPOLY,
MATERIAL,"Thermal SiO2",
SITE,1,
RESULT TYPE,3rd Thickness,2nd Thickness,1st Thickness,2nd RI @ 633.0nm,GOF ,
MEAN,  169.8477,  410.5023, 2537.5872,3.8756,0.6341,
MIN,  157.6822,  408.6417, 2370.9189,3.8753,0.6270,
MAX,  177.2564,  413.1516, 2613.5405,3.8761,0.6560,
% STDDEV,  3.4286,  0.2470,  2.7656,  0.0065,  1.2459,
STDDEV,    5.8234,    1.0138,   70.1798,0.0003,0.0079,
3 % STDDEV, 10.2858,  0.7409,  8.2968,  0.0195,  3.7376,
3 STDDEV,   17.4702,    3.0414,  210.5393,0.0008,0.0237,
RANGE,   19.5741,    4.5099,  242.6216,0.0008,0.0290,
Site #,Value,Value,Value,Value,Value, X , Y ,
1,  157.6822,  413.1516, 2571.3611,3.8754,0.6290, -7.5960,-19.9920,
2,  166.9770,  409.9426, 2599.7451,3.8755,0.6302, 70.0920,-19.9920,
3,  166.2377,  410.6903, 2597.1975,3.8753,0.6307, 18.3000,-80.5680,
4,  171.9425,  410.3441, 2572.8828,3.8754,0.6338,-59.3880,-80.5680,
5,  174.3044,  410.6123, 2556.3499,3.8756,0.6308,-85.2840, 10.2960,
6,  177.2564,  410.2505, 2531.3916,3.8758,0.6346,-33.4920, 70.8720,
7,  166.9237,  411.7935, 2586.7285,3.8754,0.6304, 44.1960, 40.5840,
8,  163.5058,  410.1036, 2574.0339,3.8755,0.6297,121.8840,-19.9920,
9,  163.8404,  409.9904, 2601.8389,3.8754,0.6270, 95.9880,-80.5680,
10,  164.2100,  410.4554, 2613.5405,3.8754,0.6294, 44.1960,-110.8560,
11,  166.9711,  411.3944, 2532.0603,3.8757,0.6366,-59.3880,-110.8560,
12,  171.0268,  409.0535, 2386.9133,3.8761,0.6515,-111.1800,-80.5680,
13,  176.9935,  408.6417, 2370.9189,3.8761,0.6560,-137.0760,-19.9920,
14,  175.8290,  410.0876, 2501.1604,3.8758,0.6323,-111.1800, 40.5840,
15,  176.3912,  410.4115, 2512.9475,3.8758,0.6304,-33.4920,101.1600,
16,  175.7997,  410.5235, 2487.5786,3.8759,0.6374, 18.3000,101.1600,
17,  171.5194,  411.0928, 2542.3325,3.8756,0.6304, 95.9880, 40.5840,

WAFER ID,"HF02078014",
LOT ID,"Q515100",
Cassette,Left,
SLOT,14,
STATUS,"",
DATA TYPE,SE,
RECIPE,"C028Z/BTH_LDDSE_PRESPACZ2B_Z",
RCP CNT,1,
MEAS SET,SOI: C028Z-STI-OXIPAD,
MATERIAL,"Thermal SiO2 {W}",
SITE,1,
RESULT TYPE,3rd Thickness,2nd Thickness,1st Thickness,GOF ,
MEAN,   24.1035,   91.1447,  257.1768,0.8850,
MIN,   22.7162,   88.1949,  252.4072,0.8791,
MAX,   25.0744,   93.5622,  260.8650,0.8909,
% STDDEV,  2.9108,  1.5958,  1.0851,  0.4442,
STDDEV,    0.7016,    1.4545,    2.7907,0.0039,
3 % STDDEV,  8.7323,  4.7874,  3.2554,  1.3326,
3 STDDEV,    2.1048,    4.3635,    8.3720,0.0118,
RANGE,    2.3582,    5.3672,    8.4579,0.0118,
Site #,Value,Value,Value,Value, X , Y ,
1,   24.8281,   91.7750,  259.9884,0.8869, -7.2360,-19.9920,
2,   24.7241,   88.8273,  258.7051,0.8791, 70.4520,-19.9920,
3,   24.5060,   91.4906,  257.2323,0.8884, 18.6600,-80.5680,
4,   24.1227,   90.6314,  255.8459,0.8795,-59.0280,-80.5680,
5,   23.8611,   92.0007,  258.0219,0.8868,-84.9240, 10.2960,
6,   24.7048,   92.5439,  260.7875,0.8909,-33.1320, 70.8720,
7,   25.0744,   90.1151,  260.8650,0.8805, 44.5560, 40.5840,
8,   23.5761,   90.6056,  255.7277,0.8860,122.2440,-19.9920,
9,   23.4477,   88.1949,  254.9385,0.8797, 96.3480,-80.5680,
10,   23.8013,   90.2182,  254.7228,0.8840, 44.5560,-110.8560,
11,   23.6966,   90.3548,  254.1427,0.8803,-59.0280,-110.8560,
12,   23.0730,   93.5622,  252.6010,0.8879,-110.8200,-80.5680,
13,   22.7162,   92.4378,  252.4072,0.8860,-136.7160,-19.9920,
14,   23.5118,   91.7862,  257.0917,0.8889,-110.8200, 40.5840,
15,   24.5194,   92.9937,  259.9044,0.8898,-33.1320,101.1600,
16,   24.7925,   91.9755,  260.1673,0.8869, 18.6600,101.1600,
17,   24.8042,   89.9464,  258.8563,0.8826, 96.3480, 40.5840,

WAFER ID,"HF02078014",
LOT ID,"Q515100",
Cassette,Left,
SLOT,14,
STATUS,"",
DATA TYPE,SE,
RECIPE,"C028Z/BTH_LDDSE_PRESPACZ2B_Z",
RCP CNT,1,
MEAS SET,C028-GATE-DEPPOLY,
MATERIAL,"Thermal SiO2",
SITE,1,
RESULT TYPE,3rd Thickness,2nd Thickness,1st Thickness,2nd RI @ 633.0nm,GOF ,
MEAN,  179.5512,  411.3809, 2538.7539,3.8757,0.6356,
MIN,  165.7802,  409.2392, 2351.6750,3.8753,0.6295,
MAX,  183.3535,  415.0382, 2592.0901,3.8762,0.6575,
% STDDEV,  2.4554,  0.3344,  2.8661,  0.0057,  1.2210,
STDDEV,    4.4086,    1.3755,   72.7631,0.0002,0.0078,
3 % STDDEV,  7.3661,  1.0031,  8.5983,  0.0172,  3.6631,
3 STDDEV,   13.2258,    4.1264,  218.2894,0.0007,0.0233,
RANGE,   17.5734,    5.7990,  240.4150,0.0009,0.0279,
Site #,Value,Value,Value,Value,Value, X , Y ,
1,  165.7802,  412.9452, 2542.2610,3.8758,0.6315, -7.5960,-19.9920,
2,  180.0607,  411.2437, 2566.1558,3.8758,0.6337, 70.0920,-19.9920,
3,  181.8354,  412.9134, 2589.8184,3.8756,0.6373, 18.3000,-80.5680,
4,  178.2068,  410.8528, 2585.7441,3.8755,0.6353,-59.3880,-80.5680,
5,  179.6034,  411.4801, 2554.7124,3.8757,0.6314,-85.2840, 10.2960,
6,  183.2394,  411.2057, 2585.6072,3.8756,0.6332,-33.4920, 70.8720,
7,  175.5455,  415.0382, 2590.3828,3.8753,0.6321, 44.1960, 40.5840,
8,  182.6252,  410.2901, 2532.7666,3.8758,0.6330,121.8840,-19.9920,
9,  183.3535,  410.5345, 2540.1904,3.8758,0.6327, 95.9880,-80.5680,
10,  179.8268,  411.2807, 2592.0901,3.8755,0.6296, 44.1960,-110.8560,
11,  174.6471,  412.4568, 2512.3555,3.8756,0.6360,-59.3880,-110.8560,
12,  177.8248,  409.6321, 2351.6750,3.8760,0.6575,-111.1800,-80.5680,
13,  181.6845,  409.2392, 2366.9199,3.8762,0.6531,-137.0760,-19.9920,
14,  180.7166,  410.6296, 2510.7148,3.8759,0.6333,-111.1800, 40.5840,
15,  183.0075,  410.9879, 2578.7141,3.8756,0.6295,-33.4920,101.1600,
16,  183.0511,  410.9711, 2590.1396,3.8755,0.6357, 18.3000,101.1600,
17,  181.3618,  411.7742, 2568.5679,3.8755,0.6306, 95.9880, 40.5840,

WAFER ID,"HF02078015",
LOT ID,"Q515100",
Cassette,Left,
SLOT,15,
STATUS,"",
DATA TYPE,SE,
RECIPE,"C028Z/BTH_LDDSE_PRESPACZ2B_Z",
RCP CNT,1,
MEAS SET,SOI: C028Z-STI-OXIPAD,
MATERIAL,"Thermal SiO2 {W}",
SITE,1,
RESULT TYPE,3rd Thickness,2nd Thickness,1st Thickness,GOF ,
MEAN,   24.0809,   92.3156,  257.0562,0.8878,
MIN,   22.6483,   88.3731,  252.4861,0.8784,
MAX,   25.0743,   94.7772,  261.0246,0.8942,
% STDDEV,  2.9845,  1.8173,  1.0916,  0.5213,
STDDEV,    0.7187,    1.6776,    2.8060,0.0046,
3 % STDDEV,  8.9536,  5.4518,  3.2748,  1.5640,
3 STDDEV,    2.1561,    5.0329,    8.4180,0.0139,
RANGE,    2.4261,    6.4041,    8.5385,0.0158,
Site #,Value,Value,Value,Value, X , Y ,
1,   24.8363,   93.6457,  259.9521,0.8908, -7.2360,-19.9920,
2,   24.7167,   89.7084,  258.1968,0.8800, 70.4520,-19.9920,
3,   24.5361,   92.4906,  257.1258,0.8880, 18.6600,-80.5680,
4,   24.1363,   91.8372,  255.9427,0.8835,-59.0280,-80.5680,
5,   23.9211,   93.5458,  258.3506,0.8893,-84.9240, 10.2960,
6,   24.6700,   93.2653,  261.0246,0.8926,-33.1320, 70.8720,
7,   25.0743,   90.9863,  260.5221,0.8840, 44.5560, 40.5840,
8,   23.5581,   91.7479,  255.0262,0.8884,122.2440,-19.9920,
9,   23.4119,   88.3731,  254.2729,0.8784, 96.3480,-80.5680,
10,   23.7467,   90.9076,  254.4325,0.8864, 44.5560,-110.8560,
11,   23.7313,   91.6243,  254.2533,0.8830,-59.0280,-110.8560,
12,   22.9696,   94.7772,  252.6809,0.8917,-110.8200,-80.5680,
13,   22.6483,   93.6875,  252.4861,0.8920,-136.7160,-19.9920,
14,   23.4355,   93.3543,  257.3156,0.8924,-110.8200, 40.5840,
15,   24.4748,   94.2144,  259.9031,0.8942,-33.1320,101.1600,
16,   24.7544,   93.2739,  260.0427,0.8904, 18.6600,101.1600,
17,   24.7535,   91.9250,  258.4278,0.8883, 96.3480, 40.5840,

WAFER ID,"HF02078015",
LOT ID,"Q515100",
Cassette,Left,
SLOT,15,
STATUS,"",
DATA TYPE,SE,
RECIPE,"C028Z/BTH_LDDSE_PRESPACZ2B_Z",
RCP CNT,1,
MEAS SET,C028-GATE-DEPPOLY,
MATERIAL,"Thermal SiO2",
SITE,1,
RESULT TYPE,3rd Thickness,2nd Thickness,1st Thickness,2nd RI @ 633.0nm,GOF ,
MEAN,  166.9546,  412.3556, 2547.8875,3.8755,0.6324,
MIN,  153.9698,  410.0015, 2422.7747,3.8751,0.6264,
MAX,  174.3342,  415.6996, 2631.4338,3.8762,0.6458,
% STDDEV,  3.4970,  0.3247,  2.8419,  0.0094,  0.8003,
STDDEV,    5.8384,    1.3389,   72.4090,0.0004,0.0051,
3 % STDDEV, 10.4910,  0.9741,  8.5258,  0.0283,  2.4008,
3 STDDEV,   17.5153,    4.0167,  217.2269,0.0011,0.0152,
RANGE,   20.3643,    5.6981,  208.6592,0.0010,0.0194,
Site #,Value,Value,Value,Value,Value, X , Y ,
1,  153.9698,  414.1041, 2631.4338,3.8753,0.6313, -7.5960,-19.9920,
2,  164.2255,  412.3181, 2624.2559,3.8752,0.6311, 70.0920,-19.9920,
3,  162.6402,  413.5778, 2618.6868,3.8751,0.6305, 18.3000,-80.5680,
4,  169.2549,  411.9951, 2612.0251,3.8752,0.6345,-59.3880,-80.5680,
5,  171.8531,  412.9879, 2626.4817,3.8752,0.6300,-85.2840, 10.2960,
6,  174.3342,  412.6111, 2577.7085,3.8754,0.6277,-33.4920, 70.8720,
7,  164.1139,  415.6996, 2613.7886,3.8751,0.6290, 44.1960, 40.5840,
8,  161.1745,  411.6077, 2541.4949,3.8755,0.6284,121.8840,-19.9920,
9,  161.4685,  411.9351, 2580.5833,3.8753,0.6264, 95.9880,-80.5680,
10,  162.0999,  412.1834, 2570.6394,3.8755,0.6279, 44.1960,-110.8560,
11,  163.7052,  412.5542, 2527.9097,3.8754,0.6316,-59.3880,-110.8560,
12,  167.5790,  410.2436, 2429.1772,3.8760,0.6401,-111.1800,-80.5680,
13,  173.5387,  410.0015, 2422.7747,3.8762,0.6458,-137.0760,-19.9920,
14,  173.1527,  411.3468, 2476.3931,3.8760,0.6338,-111.1800, 40.5840,
15,  173.5413,  411.9456, 2462.2856,3.8760,0.6345,-33.4920,101.1600,
16,  172.5691,  412.0580, 2470.9932,3.8760,0.6385, 18.3000,101.1600,
17,  169.0082,  412.8759, 2527.4551,3.8756,0.6300, 95.9880, 40.5840,

WAFER ID,"HF02078016",
LOT ID,"Q515100",
Cassette,Left,
SLOT,16,
STATUS,"",
DATA TYPE,SE,
RECIPE,"C028Z/BTH_LDDSE_PRESPACZ2B_Z",
RCP CNT,1,
MEAS SET,SOI: C028Z-STI-OXIPAD,
MATERIAL,"Thermal SiO2 {W}",
SITE,1,
RESULT TYPE,3rd Thickness,2nd Thickness,1st Thickness,GOF ,
MEAN,   24.0876,   91.9912,  256.9335,0.8870,
MIN,   22.6333,   88.5419,  252.0289,0.8805,
MAX,   25.1400,   95.1939,  260.5572,0.8931,
% STDDEV,  3.0655,  1.6510,  1.0894,  0.3510,
STDDEV,    0.7384,    1.5187,    2.7990,0.0031,
3 % STDDEV,  9.1965,  4.9529,  3.2681,  1.0529,
3 STDDEV,    2.2152,    4.5562,    8.3969,0.0093,
RANGE,    2.5067,    6.6519,    8.5283,0.0126,
Site #,Value,Value,Value,Value, X , Y ,
1,   24.8845,   92.2573,  260.5572,0.8867, -7.2360,-19.9920,
2,   24.7920,   89.7624,  258.5893,0.8829, 70.4520,-19.9920,
3,   24.5291,   91.5349,  257.3536,0.8837, 18.6600,-80.5680,
4,   24.1222,   91.0891,  256.1931,0.8832,-59.0280,-80.5680,
5,   23.9032,   92.7467,  258.5194,0.8879,-84.9240, 10.2960,
6,   24.6930,   92.7029,  260.3111,0.8899,-33.1320, 70.8720,
7,   25.1400,   90.9433,  260.4628,0.8854, 44.5560, 40.5840,
8,   23.5619,   90.9573,  254.8706,0.8863,122.2440,-19.9920,
9,   23.3797,   88.5419,  254.1984,0.8805, 96.3480,-80.5680,
10,   23.7521,   91.3340,  254.5358,0.8883, 44.5560,-110.8560,
11,   23.6735,   92.3512,  254.3556,0.8874,-59.0280,-110.8560,
12,   22.9771,   95.1939,  252.2333,0.8931,-110.8200,-80.5680,
13,   22.6333,   93.4802,  252.0289,0.8888,-136.7160,-19.9920,
14,   23.4513,   92.4424,  257.0058,0.8886,-110.8200, 40.5840,
15,   24.4463,   93.1052,  259.2504,0.8896,-33.1320,101.1600,
16,   24.7821,   93.0256,  259.1824,0.8892, 18.6600,101.1600,
17,   24.7680,   92.3823,  258.2226,0.8882, 96.3480, 40.5840,

WAFER ID,"HF02078016",
LOT ID,"Q515100",
Cassette,Left,
SLOT,16,
STATUS,"",
DATA TYPE,SE,
RECIPE,"C028Z/BTH_LDDSE_PRESPACZ2B_Z",
RCP CNT,1,
MEAS SET,C028-GATE-DEPPOLY,
MATERIAL,"Thermal SiO2",
SITE,1,
RESULT TYPE,3rd Thickness,2nd Thickness,1st Thickness,2nd RI @ 633.0nm,GOF ,
MEAN,  178.5283,  410.0242, 2536.0798,3.8757,0.6361,
MIN,  161.6485,  407.8467, 2307.3684,3.8753,0.6274,
MAX,  183.3629,  412.3450, 2631.2402,3.8761,0.6626,
% STDDEV,  2.8586,  0.2560,  3.2128,  0.0057,  1.4313,
STDDEV,    5.1034,    1.0495,   81.4798,0.0002,0.0091,
3 % STDDEV,  8.5758,  0.7679,  9.6385,  0.0172,  4.2939,
3 STDDEV,   15.3103,    3.1484,  244.4395,0.0007,0.0273,
RANGE,   21.7144,    4.4983,  323.8718,0.0008,0.0352,
Site #,Value,Value,Value,Value,Value, X , Y ,
1,  161.6485,  412.3450, 2551.7195,3.8756,0.6304, -7.5960,-19.9920,
2,  178.1540,  409.4137, 2587.8308,3.8757,0.6344, 70.0920,-19.9920,
3,  181.3334,  410.0342, 2527.2820,3.8759,0.6398, 18.3000,-80.5680,
4,  180.2264,  409.9124, 2516.9480,3.8759,0.6389,-59.3880,-80.5680,
5,  177.0663,  410.1894, 2588.6277,3.8755,0.6295,-85.2840, 10.2960,
6,  178.8317,  410.2079, 2631.2402,3.8753,0.6281,-33.4920, 70.8720,
7,  171.6105,  411.3180, 2615.8601,3.8754,0.6306, 44.1960, 40.5840,
8,  181.6064,  409.5127, 2552.8882,3.8758,0.6330,121.8840,-19.9920,
9,  183.3334,  409.2806, 2508.9700,3.8760,0.6344, 95.9880,-80.5680,
10,  180.5992,  410.1768, 2541.7053,3.8758,0.6349, 44.1960,-110.8560,
11,  177.6697,  410.2863, 2473.6665,3.8760,0.6434,-59.3880,-110.8560,
12,  180.3634,  407.8467, 2307.3684,3.8759,0.6626,-111.1800,-80.5680,
13,  183.3629,  408.1574, 2394.8472,3.8761,0.6511,-137.0760,-19.9920,
14,  179.8866,  410.1540, 2585.3523,3.8756,0.6274,-111.1800, 40.5840,
15,  179.5556,  410.3732, 2585.8513,3.8755,0.6299,-33.4920,101.1600,
16,  179.9060,  410.3023, 2566.7480,3.8756,0.6325, 18.3000,101.1600,
17,  179.8277,  410.9000, 2576.4524,3.8757,0.6330, 95.9880, 40.5840,

WAFER ID,"HF02078017",
LOT ID,"Q515100",
Cassette,Left,
SLOT,17,
STATUS,"",
DATA TYPE,SE,
RECIPE,"C028Z/BTH_LDDSE_PRESPACZ2B_Z",
RCP CNT,1,
MEAS SET,SOI: C028Z-STI-OXIPAD,
MATERIAL,"Thermal SiO2 {W}",
SITE,1,
RESULT TYPE,3rd Thickness,2nd Thickness,1st Thickness,GOF ,
MEAN,   24.0912,   91.7823,  256.8497,0.8868,
MIN,   22.6489,   88.7231,  252.1956,0.8791,
MAX,   25.0978,   95.3107,  260.4037,0.8960,
% STDDEV,  3.0298,  1.7731,  1.0657,  0.5309,
STDDEV,    0.7299,    1.6274,    2.7373,0.0047,
3 % STDDEV,  9.0893,  5.3192,  3.1972,  1.5928,
3 STDDEV,    2.1897,    4.8821,    8.2120,0.0141,
RANGE,    2.4490,    6.5876,    8.2080,0.0169,
Site #,Value,Value,Value,Value, X , Y ,
1,   24.9234,   91.9967,  260.3325,0.8880, -7.2360,-19.9920,
2,   24.8503,   89.6600,  258.4036,0.8825, 70.4520,-19.9920,
3,   24.4843,   91.3820,  257.5015,0.8826, 18.6600,-80.5680,
4,   24.1422,   90.3395,  255.9987,0.8813,-59.0280,-80.5680,
5,   23.7750,   93.1212,  258.5359,0.8895,-84.9240, 10.2960,
6,   24.6597,   92.1826,  260.4037,0.8866,-33.1320, 70.8720,
7,   25.0978,   90.3376,  260.3869,0.8847, 44.5560, 40.5840,
8,   23.5907,   90.9540,  254.7506,0.8850,122.2440,-19.9920,
9,   23.3452,   88.7231,  254.1517,0.8791, 96.3480,-80.5680,
10,   23.7924,   90.6116,  254.5847,0.8843, 44.5560,-110.8560,
11,   23.7039,   92.0986,  254.2860,0.8855,-59.0280,-110.8560,
12,   23.0288,   95.3107,  252.2464,0.8960,-110.8200,-80.5680,
13,   22.6489,   93.8072,  252.1956,0.8943,-136.7160,-19.9920,
14,   23.4985,   92.7876,  256.7941,0.8902,-110.8200, 40.5840,
15,   24.4887,   93.1422,  258.8567,0.8936,-33.1320,101.1600,
16,   24.7358,   92.4588,  258.9758,0.8876, 18.6600,101.1600,
17,   24.7853,   91.3849,  258.0410,0.8845, 96.3480, 40.5840,

WAFER ID,"HF02078017",
LOT ID,"Q515100",
Cassette,Left,
SLOT,17,
STATUS,"",
DATA TYPE,SE,
RECIPE,"C028Z/BTH_LDDSE_PRESPACZ2B_Z",
RCP CNT,1,
MEAS SET,C028-GATE-DEPPOLY,
MATERIAL,"Thermal SiO2",
SITE,1,
RESULT TYPE,3rd Thickness,2nd Thickness,1st Thickness,2nd RI @ 633.0nm,GOF ,
MEAN,  174.1759,  410.5630, 2539.2314,3.8757,0.6360,
MIN,  161.6285,  408.3503, 2347.9448,3.8752,0.6287,
MAX,  180.4012,  414.3442, 2626.9226,3.8761,0.6572,
% STDDEV,  2.6610,  0.3341,  3.3891,  0.0078,  1.2394,
STDDEV,    4.6348,    1.3716,   86.0565,0.0003,0.0079,
3 % STDDEV,  7.9830,  1.0022, 10.1672,  0.0234,  3.7181,
3 STDDEV,   13.9045,    4.1148,  258.1696,0.0009,0.0236,
RANGE,   18.7727,    5.9939,  278.9778,0.0009,0.0285,
Site #,Value,Value,Value,Value,Value, X , Y ,
1,  161.6285,  412.4661, 2603.2983,3.8755,0.6325, -7.5960,-19.9920,
2,  175.3637,  410.2783, 2607.7307,3.8755,0.6328, 70.0920,-19.9920,
3,  177.7664,  411.3642, 2517.5649,3.8760,0.6359, 18.3000,-80.5680,
4,  179.2545,  409.9358, 2521.8369,3.8758,0.6380,-59.3880,-80.5680,
5,  174.0614,  411.0883, 2565.6567,3.8756,0.6307,-85.2840, 10.2960,
6,  172.1960,  410.5937, 2615.0974,3.8754,0.6287,-33.4920, 70.8720,
7,  168.9781,  414.3442, 2626.9226,3.8752,0.6292, 44.1960, 40.5840,
8,  176.2558,  409.8281, 2588.9822,3.8755,0.6332,121.8840,-19.9920,
9,  178.9303,  409.6267, 2515.6147,3.8761,0.6368, 95.9880,-80.5680,
10,  175.8911,  410.0646, 2509.2202,3.8760,0.6371, 44.1960,-110.8560,
11,  178.3348,  411.2730, 2446.7590,3.8760,0.6432,-59.3880,-110.8560,
12,  180.4012,  408.8279, 2347.9448,3.8761,0.6572,-111.1800,-80.5680,
13,  174.5388,  408.3503, 2363.3499,3.8760,0.6512,-137.0760,-19.9920,
14,  170.8736,  409.8109, 2514.1743,3.8759,0.6320,-111.1800, 40.5840,
15,  170.4189,  410.3135, 2603.2539,3.8754,0.6303,-33.4920,101.1600,
16,  172.1526,  410.5511, 2616.5818,3.8753,0.6317, 18.3000,101.1600,
17,  173.9443,  410.8541, 2602.9478,3.8755,0.6306, 95.9880, 40.5840,

WAFER ID,"HF02078018",
LOT ID,"Q515100",
Cassette,Left,
SLOT,18,
STATUS,"",
DATA TYPE,SE,
RECIPE,"C028Z/BTH_LDDSE_PRESPACZ2B_Z",
RCP CNT,1,
MEAS SET,SOI: C028Z-STI-OXIPAD,
MATERIAL,"Thermal SiO2 {W}",
SITE,1,
RESULT TYPE,3rd Thickness,2nd Thickness,1st Thickness,GOF ,
MEAN,   24.1128,   91.8729,  256.8188,0.8867,
MIN,   22.6805,   88.8579,  252.0587,0.8763,
MAX,   25.2017,   94.6563,  260.2775,0.8941,
% STDDEV,  3.0438,  1.7075,  1.0446,  0.5177,
STDDEV,    0.7339,    1.5688,    2.6826,0.0046,
3 % STDDEV,  9.1314,  5.1226,  3.1337,  1.5531,
3 STDDEV,    2.2018,    4.7063,    8.0479,0.0138,
RANGE,    2.5212,    5.7985,    8.2188,0.0177,
Site #,Value,Value,Value,Value, X , Y ,
1,   24.9693,   91.2119,  260.2775,0.8840, -7.2360,-19.9920,
2,   24.8464,   88.8579,  258.3257,0.8763, 70.4520,-19.9920,
3,   24.5739,   91.5179,  257.4661,0.8856, 18.6600,-80.5680,
4,   24.1221,   90.7990,  256.4625,0.8794,-59.0280,-80.5680,
5,   23.8861,   93.5363,  258.4631,0.8941,-84.9240, 10.2960,
6,   24.6999,   91.9584,  260.2261,0.8868,-33.1320, 70.8720,
7,   25.2017,   90.0668,  260.0374,0.8821, 44.5560, 40.5840,
8,   23.5971,   91.5716,  254.9591,0.8867,122.2440,-19.9920,
9,   23.3815,   89.2501,  254.0950,0.8851, 96.3480,-80.5680,
10,   23.8081,   91.5216,  254.7771,0.8863, 44.5560,-110.8560,
11,   23.8044,   92.2389,  254.0197,0.8876,-59.0280,-110.8560,
12,   23.0468,   94.6563,  252.2742,0.8925,-110.8200,-80.5680,
13,   22.6805,   93.1930,  252.0587,0.8888,-136.7160,-19.9920,
14,   23.4107,   93.6095,  256.7885,0.8923,-110.8200, 40.5840,
15,   24.4026,   92.9794,  258.8211,0.8898,-33.1320,101.1600,
16,   24.6952,   93.1222,  258.8013,0.8899, 18.6600,101.1600,
17,   24.7912,   91.7493,  258.0671,0.8871, 96.3480, 40.5840,

WAFER ID,"HF02078018",
LOT ID,"Q515100",
Cassette,Left,
SLOT,18,
STATUS,"",
DATA TYPE,SE,
RECIPE,"C028Z/BTH_LDDSE_PRESPACZ2B_Z",
RCP CNT,1,
MEAS SET,C028-GATE-DEPPOLY,
MATERIAL,"Thermal SiO2",
SITE,1,
RESULT TYPE,3rd Thickness,2nd Thickness,1st Thickness,2nd RI @ 633.0nm,GOF ,
MEAN,  178.1075,  410.7179, 2544.8157,3.8757,0.6377,
MIN,  166.1524,  408.2836, 2279.0159,3.8751,0.6285,
MAX,  187.6334,  413.8901, 2646.6128,3.8762,0.6700,
% STDDEV,  2.9930,  0.3287,  3.8464,  0.0075,  1.7678,
STDDEV,    5.3307,    1.3500,   97.8842,0.0003,0.0113,
3 % STDDEV,  8.9789,  0.9861, 11.5392,  0.0225,  5.3035,
3 STDDEV,   15.9921,    4.0501,  293.6526,0.0009,0.0338,
RANGE,   21.4810,    5.6065,  367.5969,0.0011,0.0416,
Site #,Value,Value,Value,Value,Value, X , Y ,
1,  166.1524,  412.6897, 2608.5564,3.8755,0.6335, -7.5960,-19.9920,
2,  179.1368,  411.1183, 2608.1858,3.8756,0.6360, 70.0920,-19.9920,
3,  184.2284,  411.6289, 2531.1348,3.8759,0.6397, 18.3000,-80.5680,
4,  181.5730,  410.0944, 2494.9399,3.8759,0.6407,-59.3880,-80.5680,
5,  179.8333,  411.0599, 2577.1741,3.8756,0.6312,-85.2840, 10.2960,
6,  175.1821,  410.5724, 2609.8640,3.8754,0.6315,-33.4920, 70.8720,
7,  171.1999,  413.8901, 2646.6128,3.8751,0.6334, 44.1960, 40.5840,
8,  172.7545,  409.9423, 2579.3398,3.8756,0.6299,121.8840,-19.9920,
9,  178.9607,  410.1823, 2565.6904,3.8758,0.6324, 95.9880,-80.5680,
10,  181.6488,  410.6570, 2569.4192,3.8757,0.6338, 44.1960,-110.8560,
11,  181.7084,  411.3537, 2425.6504,3.8761,0.6480,-59.3880,-110.8560,
12,  187.6334,  408.2836, 2279.0159,3.8759,0.6700,-111.1800,-80.5680,
13,  184.0608,  408.3104, 2379.2173,3.8762,0.6585,-137.0760,-19.9920,
14,  176.6895,  410.3671, 2581.7625,3.8756,0.6285,-111.1800, 40.5840,
15,  176.3452,  410.4688, 2606.6169,3.8754,0.6296,-33.4920,101.1600,
16,  175.9356,  410.3033, 2574.1433,3.8757,0.6340, 18.3000,101.1600,
17,  174.7843,  411.2819, 2624.5422,3.8752,0.6307, 95.9880, 40.5840,

WAFER ID,"HF02078019",
LOT ID,"Q515100",
Cassette,Left,
SLOT,19,
STATUS,"",
DATA TYPE,SE,
RECIPE,"C028Z/BTH_LDDSE_PRESPACZ2B_Z",
RCP CNT,1,
MEAS SET,SOI: C028Z-STI-OXIPAD,
MATERIAL,"Thermal SiO2 {W}",
SITE,1,
RESULT TYPE,3rd Thickness,2nd Thickness,1st Thickness,GOF ,
MEAN,   24.1101,   91.4548,  256.6921,0.8856,
MIN,   22.7548,   88.6307,  251.6826,0.8782,
MAX,   25.2336,   94.6664,  260.3666,0.8925,
% STDDEV,  3.0280,  1.6968,  1.0439,  0.4938,
STDDEV,    0.7300,    1.5518,    2.6796,0.0044,
3 % STDDEV,  9.0839,  5.0903,  3.1316,  1.4813,
3 STDDEV,    2.1901,    4.6553,    8.0387,0.0131,
RANGE,    2.4787,    6.0357,    8.6840,0.0143,
Site #,Value,Value,Value,Value, X , Y ,
1,   24.9276,   91.3934,  260.3666,0.8834, -7.2360,-19.9920,
2,   24.8545,   89.0188,  258.5623,0.8782, 70.4520,-19.9920,
3,   24.6378,   90.8893,  257.3354,0.8826, 18.6600,-80.5680,
4,   24.1358,   90.3727,  256.3223,0.8834,-59.0280,-80.5680,
5,   23.9192,   91.5480,  258.0096,0.8852,-84.9240, 10.2960,
6,   24.7272,   91.7620,  259.8469,0.8872,-33.1320, 70.8720,
7,   25.2336,   89.6173,  259.9776,0.8786, 44.5560, 40.5840,
8,   23.5271,   92.1291,  254.9248,0.8901,122.2440,-19.9920,
9,   23.3829,   88.6307,  254.1431,0.8808, 96.3480,-80.5680,
10,   23.8422,   90.2234,  254.6376,0.8816, 44.5560,-110.8560,
11,   23.6862,   91.9752,  254.3081,0.8858,-59.0280,-110.8560,
12,   23.0293,   94.6664,  252.0811,0.8925,-110.8200,-80.5680,
13,   22.7548,   92.6812,  251.6826,0.8866,-136.7160,-19.9920,
14,   23.4421,   93.4407,  256.3968,0.8920,-110.8200, 40.5840,
15,   24.3727,   92.2800,  258.5000,0.8898,-33.1320,101.1600,
16,   24.6259,   92.4027,  258.6584,0.8883, 18.6600,101.1600,
17,   24.7736,   91.7000,  258.0123,0.8882, 96.3480, 40.5840,

WAFER ID,"HF02078019",
LOT ID,"Q515100",
Cassette,Left,
SLOT,19,
STATUS,"",
DATA TYPE,SE,
RECIPE,"C028Z/BTH_LDDSE_PRESPACZ2B_Z",
RCP CNT,1,
MEAS SET,C028-GATE-DEPPOLY,
MATERIAL,"Thermal SiO2",
SITE,1,
RESULT TYPE,3rd Thickness,2nd Thickness,1st Thickness,2nd RI @ 633.0nm,GOF ,
MEAN,  169.0970,  409.5859, 2528.9521,3.8758,0.6358,
MIN,  156.2023,  407.6570, 2364.5410,3.8753,0.6274,
MAX,  180.1234,  412.5047, 2647.4087,3.8761,0.6571,
% STDDEV,  3.7487,  0.2590,  3.2265,  0.0069,  1.3035,
STDDEV,    6.3390,    1.0608,   81.5971,0.0003,0.0083,
3 % STDDEV, 11.2462,  0.7770,  9.6796,  0.0207,  3.9105,
3 STDDEV,   19.0169,    3.1823,  244.7913,0.0008,0.0249,
RANGE,   23.9211,    4.8477,  282.8677,0.0008,0.0297,
Site #,Value,Value,Value,Value,Value, X , Y ,
1,  156.2023,  412.5047, 2647.4087,3.8754,0.6318, -7.5960,-19.9920,
2,  162.3742,  409.0978, 2620.1960,3.8754,0.6318, 70.0920,-19.9920,
3,  167.9413,  409.8032, 2568.4451,3.8756,0.6325, 18.3000,-80.5680,
4,  170.8204,  409.4132, 2514.5281,3.8759,0.6388,-59.3880,-80.5680,
5,  172.6668,  409.9700, 2607.6455,3.8756,0.6283,-85.2840, 10.2960,
6,  168.5767,  409.6094, 2583.3250,3.8755,0.6299,-33.4920, 70.8720,
7,  156.7953,  410.4837, 2640.6572,3.8753,0.6274, 44.1960, 40.5840,
8,  168.3685,  409.1992, 2547.7439,3.8757,0.6327,121.8840,-19.9920,
9,  169.3530,  408.9676, 2522.6033,3.8759,0.6316, 95.9880,-80.5680,
10,  171.0732,  409.6920, 2533.9001,3.8759,0.6341, 44.1960,-110.8560,
11,  172.4517,  410.1875, 2460.1182,3.8760,0.6407,-59.3880,-110.8560,
12,  178.4128,  407.8365, 2364.5410,3.8761,0.6571,-111.1800,-80.5680,
13,  180.1234,  407.6570, 2380.2542,3.8761,0.6548,-137.0760,-19.9920,
14,  174.1519,  409.2821, 2496.3113,3.8761,0.6351,-111.1800, 40.5840,
15,  170.5136,  409.4225, 2478.0010,3.8760,0.6344,-33.4920,101.1600,
16,  169.0607,  409.6079, 2479.1599,3.8760,0.6366, 18.3000,101.1600,
17,  165.7624,  410.2257, 2547.3462,3.8756,0.6318, 95.9880, 40.5840,

WAFER ID,"HF02078020",
LOT ID,"Q515100",
Cassette,Left,
SLOT,20,
STATUS,"",
DATA TYPE,SE,
RECIPE,"C028Z/BTH_LDDSE_PRESPACZ2B_Z",
RCP CNT,1,
MEAS SET,SOI: C028Z-STI-OXIPAD,
MATERIAL,"Thermal SiO2 {W}",
SITE,1,
RESULT TYPE,3rd Thickness,2nd Thickness,1st Thickness,GOF ,
MEAN,   24.0823,   91.7918,  257.0482,0.8867,
MIN,   22.6702,   89.1140,  252.2125,0.8781,
MAX,   25.1317,   94.3420,  260.7921,0.8936,
% STDDEV,  2.9226,  1.6317,  1.0142,  0.4915,
STDDEV,    0.7038,    1.4977,    2.6070,0.0044,
3 % STDDEV,  8.7679,  4.8950,  3.0426,  1.4744,
3 STDDEV,    2.1115,    4.4932,    7.8209,0.0131,
RANGE,    2.4615,    5.2280,    8.5796,0.0155,
Site #,Value,Value,Value,Value, X , Y ,
1,   24.8938,   91.3449,  260.7921,0.8860, -7.2360,-19.9920,
2,   24.7981,   89.5375,  258.7795,0.8808, 70.4520,-19.9920,
3,   24.5409,   92.0672,  258.1617,0.8866, 18.6600,-80.5680,
4,   24.1559,   90.0146,  256.7025,0.8781,-59.0280,-80.5680,
5,   23.9208,   93.6913,  258.5969,0.8936,-84.9240, 10.2960,
6,   24.6570,   91.9070,  259.9913,0.8877,-33.1320, 70.8720,
7,   25.1317,   90.3338,  260.2738,0.8847, 44.5560, 40.5840,
8,   23.6240,   91.9712,  255.1040,0.8866,122.2440,-19.9920,
9,   23.4183,   89.1140,  254.6503,0.8826, 96.3480,-80.5680,
10,   23.8397,   90.1707,  255.0140,0.8791, 44.5560,-110.8560,
11,   23.6849,   92.8428,  254.6975,0.8892,-59.0280,-110.8560,
12,   23.0223,   94.3420,  252.5969,0.8903,-110.8200,-80.5680,
13,   22.6702,   93.2493,  252.2125,0.8903,-136.7160,-19.9920,
14,   23.4360,   92.5377,  256.7693,0.8892,-110.8200, 40.5840,
15,   24.3317,   92.7061,  258.6161,0.8911,-33.1320,101.1600,
16,   24.6200,   92.5643,  258.7048,0.8884, 18.6600,101.1600,
17,   24.6548,   92.0668,  258.1571,0.8893, 96.3480, 40.5840,

WAFER ID,"HF02078020",
LOT ID,"Q515100",
Cassette,Left,
SLOT,20,
STATUS,"",
DATA TYPE,SE,
RECIPE,"C028Z/BTH_LDDSE_PRESPACZ2B_Z",
RCP CNT,1,
MEAS SET,C028-GATE-DEPPOLY,
MATERIAL,"Thermal SiO2",
SITE,1,
RESULT TYPE,3rd Thickness,2nd Thickness,1st Thickness,2nd RI @ 633.0nm,GOF ,
MEAN,  179.4441,  410.0389, 2537.8052,3.8758,0.6365,
MIN,  163.3930,  407.9056, 2326.6538,3.8754,0.6273,
MAX,  185.9324,  412.2929, 2626.0693,3.8762,0.6630,
% STDDEV,  2.9042,  0.2644,  3.1561,  0.0069,  1.4234,
STDDEV,    5.2113,    1.0840,   80.0962,0.0003,0.0091,
3 % STDDEV,  8.7125,  0.7931,  9.4684,  0.0207,  4.2703,
3 STDDEV,   15.6340,    3.2521,  240.2886,0.0008,0.0272,
RANGE,   22.5394,    4.3873,  299.4155,0.0009,0.0356,
Site #,Value,Value,Value,Value,Value, X , Y ,
1,  163.3930,  412.2929, 2563.1951,3.8756,0.6307, -7.5960,-19.9920,
2,  177.6144,  409.6096, 2581.4473,3.8757,0.6324, 70.0920,-19.9920,
3,  181.1234,  410.0778, 2554.3699,3.8757,0.6348, 18.3000,-80.5680,
4,  179.2028,  409.6898, 2502.6890,3.8761,0.6386,-59.3880,-80.5680,
5,  177.7531,  410.0206, 2578.0583,3.8756,0.6329,-85.2840, 10.2960,
6,  180.3317,  410.1756, 2621.2561,3.8755,0.6299,-33.4920, 70.8720,
7,  172.3859,  411.5620, 2626.0693,3.8754,0.6301, 44.1960, 40.5840,
8,  185.0507,  409.5871, 2537.0798,3.8760,0.6373,121.8840,-19.9920,
9,  185.9324,  409.4544, 2514.4822,3.8761,0.6362, 95.9880,-80.5680,
10,  183.1661,  410.0353, 2559.3208,3.8758,0.6347, 44.1960,-110.8560,
11,  179.1570,  410.7532, 2462.8640,3.8762,0.6444,-59.3880,-110.8560,
12,  182.7640,  407.9923, 2326.6538,3.8761,0.6630,-111.1800,-80.5680,
13,  183.6252,  407.9056, 2387.5483,3.8762,0.6521,-137.0760,-19.9920,
14,  179.2384,  409.7611, 2579.1563,3.8756,0.6314,-111.1800, 40.5840,
15,  180.0121,  410.4272, 2603.1953,3.8756,0.6273,-33.4920,101.1600,
16,  180.3723,  410.2819, 2569.9290,3.8758,0.6342, 18.3000,101.1600,
17,  179.4279,  411.0350, 2575.3733,3.8756,0.6309, 95.9880, 40.5840,

WAFER ID,"HF02078021",
LOT ID,"Q515100",
Cassette,Left,
SLOT,21,
STATUS,"",
DATA TYPE,SE,
RECIPE,"C028Z/BTH_LDDSE_PRESPACZ2B_Z",
RCP CNT,1,
MEAS SET,SOI: C028Z-STI-OXIPAD,
MATERIAL,"Thermal SiO2 {W}",
SITE,1,
RESULT TYPE,3rd Thickness,2nd Thickness,1st Thickness,GOF ,
MEAN,   25.2537,   93.3386,  256.5397,0.8297,
MIN,   23.9867,   90.9889,  251.4400,0.8180,
MAX,   26.3560,   96.4894,  260.4647,0.8406,
% STDDEV,  2.8080,  1.3116,  0.9967,  0.7357,
STDDEV,    0.7091,    1.2242,    2.5569,0.0061,
3 % STDDEV,  8.4240,  3.9347,  2.9901,  2.2071,
3 STDDEV,    2.1274,    3.6726,    7.6708,0.0183,
RANGE,    2.3693,    5.5005,    9.0247,0.0226,
Site #,Value,Value,Value,Value, X , Y ,
1,   25.9174,   94.0471,  260.4647,0.8406, -7.2360,-19.9920,
2,   26.1464,   91.4685,  258.3702,0.8180, 70.4520,-19.9920,
3,   25.7591,   93.1247,  258.1142,0.8240, 18.6600,-80.5680,
4,   25.2634,   92.6678,  256.4809,0.8271,-59.0280,-80.5680,
5,   25.1903,   94.3106,  257.9763,0.8315,-84.9240, 10.2960,
6,   26.0055,   93.4496,  258.8518,0.8251,-33.1320, 70.8720,
7,   26.3560,   92.2823,  259.6434,0.8267, 44.5560, 40.5840,
8,   24.7325,   93.6928,  254.7274,0.8348,122.2440,-19.9920,
9,   24.5935,   90.9889,  254.1250,0.8229, 96.3480,-80.5680,
10,   24.8376,   92.9112,  255.0857,0.8284, 44.5560,-110.8560,
11,   24.7852,   93.1077,  254.5033,0.8294,-59.0280,-110.8560,
12,   24.1791,   96.4894,  252.0588,0.8400,-110.8200,-80.5680,
13,   23.9867,   93.9743,  251.4400,0.8276,-136.7160,-19.9920,
14,   24.6169,   93.6126,  256.0134,0.8355,-110.8200, 40.5840,
15,   25.4920,   94.1262,  257.7507,0.8357,-33.1320,101.1600,
16,   25.7363,   93.7442,  257.8908,0.8309, 18.6600,101.1600,
17,   25.7154,   92.7584,  257.6780,0.8263, 96.3480, 40.5840,

WAFER ID,"HF02078021",
LOT ID,"Q515100",
Cassette,Left,
SLOT,21,
STATUS,"",
DATA TYPE,SE,
RECIPE,"C028Z/BTH_LDDSE_PRESPACZ2B_Z",
RCP CNT,1,
MEAS SET,C028-GATE-DEPPOLY,
MATERIAL,"Thermal SiO2",
SITE,1,
RESULT TYPE,3rd Thickness,2nd Thickness,1st Thickness,2nd RI @ 633.0nm,GOF ,
MEAN,  144.7349,  413.8631, 2561.6570,3.8752,0.6263,
MIN,  136.1309,  410.5256, 2431.8687,3.8749,0.6218,
MAX,  151.8139,  417.3372, 2615.1531,3.8756,0.6356,
% STDDEV,  3.2267,  0.3775,  1.9971,  0.0050,  0.6214,
STDDEV,    4.6702,    1.5625,   51.1595,0.0002,0.0039,
3 % STDDEV,  9.6801,  1.1326,  5.9914,  0.0149,  1.8642,
3 STDDEV,   14.0105,    4.6875,  153.4784,0.0006,0.0117,
RANGE,   15.6830,    6.8116,  183.2844,0.0007,0.0138,
Site #,Value,Value,Value,Value,Value, X , Y ,
1,  136.1309,  415.5165, 2597.0027,3.8752,0.6263, -7.5960,-19.9920,
2,  143.6443,  414.7233, 2592.5837,3.8752,0.6271, 70.0920,-19.9920,
3,  142.1328,  415.1462, 2581.7874,3.8751,0.6261, 18.3000,-80.5680,
4,  145.1331,  413.5709, 2582.2058,3.8750,0.6283,-59.3880,-80.5680,
5,  148.5310,  414.3794, 2599.9839,3.8750,0.6262,-85.2840, 10.2960,
6,  151.8139,  413.6326, 2602.5068,3.8750,0.6239,-33.4920, 70.8720,
7,  144.0228,  417.3372, 2615.1531,3.8749,0.6250, 44.1960, 40.5840,
8,  140.0031,  413.6714, 2589.5701,3.8751,0.6218,121.8840,-19.9920,
9,  140.1863,  413.2549, 2582.1082,3.8752,0.6231, 95.9880,-80.5680,
10,  140.4845,  413.8331, 2577.3418,3.8751,0.6256, 44.1960,-110.8560,
11,  140.2409,  414.4278, 2540.6418,3.8751,0.6259,-59.3880,-110.8560,
12,  142.3811,  410.8683, 2431.8687,3.8756,0.6356,-111.1800,-80.5680,
13,  146.8401,  410.5256, 2451.2141,3.8756,0.6352,-137.0760,-19.9920,
14,  148.3804,  413.3082, 2532.7554,3.8753,0.6234,-111.1800, 40.5840,
15,  151.1391,  413.5718, 2565.2563,3.8751,0.6224,-33.4920,101.1600,
16,  151.5284,  413.6173, 2531.6311,3.8753,0.6279, 18.3000,101.1600,
17,  147.9001,  414.2874, 2574.5562,3.8750,0.6239, 95.9880, 40.5840,

WAFER ID,"HF02078022",
LOT ID,"Q515100",
Cassette,Left,
SLOT,22,
STATUS,"",
DATA TYPE,SE,
RECIPE,"C028Z/BTH_LDDSE_PRESPACZ2B_Z",
RCP CNT,1,
MEAS SET,SOI: C028Z-STI-OXIPAD,
MATERIAL,"Thermal SiO2 {W}",
SITE,1,
RESULT TYPE,3rd Thickness,2nd Thickness,1st Thickness,GOF ,
MEAN,   24.0999,   92.2175,  257.0592,0.8881,
MIN,   22.7996,   89.8131,  251.7835,0.8790,
MAX,   25.0548,   95.6857,  260.8032,0.8946,
% STDDEV,  2.7358,  1.6014,  0.9932,  0.4405,
STDDEV,    0.6593,    1.4768,    2.5532,0.0039,
3 % STDDEV,  8.2075,  4.8043,  2.9797,  1.3215,
3 STDDEV,    1.9780,    4.4304,    7.6595,0.0117,
RANGE,    2.2552,    5.8726,    9.0197,0.0156,
Site #,Value,Value,Value,Value, X , Y ,
1,   24.9524,   92.1490,  260.8032,0.8894, -7.2360,-19.9920,
2,   24.9120,   89.9532,  259.1744,0.8829, 70.4520,-19.9920,
3,   24.6350,   92.4380,  258.5400,0.8889, 18.6600,-80.5680,
4,   24.1881,   91.2896,  256.9584,0.8853,-59.0280,-80.5680,
5,   23.8827,   93.6992,  258.4424,0.8903,-84.9240, 10.2960,
6,   24.5867,   92.0586,  259.4709,0.8875,-33.1320, 70.8720,
7,   25.0548,   89.8131,  260.2397,0.8790, 44.5560, 40.5840,
8,   23.6522,   92.7148,  255.4580,0.8910,122.2440,-19.9920,
9,   23.5229,   90.3513,  255.1190,0.8862, 96.3480,-80.5680,
10,   23.8772,   91.4631,  255.6005,0.8841, 44.5560,-110.8560,
11,   23.7854,   92.4512,  254.9843,0.8873,-59.0280,-110.8560,
12,   23.1219,   95.6857,  252.4740,0.8946,-110.8200,-80.5680,
13,   22.7996,   93.8907,  251.7835,0.8919,-136.7160,-19.9920,
14,   23.4798,   93.3406,  256.4298,0.8930,-110.8200, 40.5840,
15,   24.2183,   92.3662,  258.1450,0.8890,-33.1320,101.1600,
16,   24.4525,   92.4079,  258.2118,0.8910, 18.6600,101.1600,
17,   24.5765,   91.6258,  258.1711,0.8866, 96.3480, 40.5840,

WAFER ID,"HF02078022",
LOT ID,"Q515100",
Cassette,Left,
SLOT,22,
STATUS,"",
DATA TYPE,SE,
RECIPE,"C028Z/BTH_LDDSE_PRESPACZ2B_Z",
RCP CNT,1,
MEAS SET,C028-GATE-DEPPOLY,
MATERIAL,"Thermal SiO2",
SITE,1,
RESULT TYPE,3rd Thickness,2nd Thickness,1st Thickness,2nd RI @ 633.0nm,GOF ,
MEAN,  165.8519,  412.0014, 2552.9636,3.8754,0.6323,
MIN,  153.7168,  409.4525, 2351.3352,3.8750,0.6266,
MAX,  173.2371,  414.3333, 2630.7563,3.8761,0.6544,
% STDDEV,  3.3535,  0.2876,  2.8857,  0.0077,  1.1698,
STDDEV,    5.5618,    1.1849,   73.6709,0.0003,0.0074,
3 % STDDEV, 10.0605,  0.8628,  8.6571,  0.0230,  3.5093,
3 STDDEV,   16.6855,    3.5546,  221.0128,0.0009,0.0222,
RANGE,   19.5203,    4.8808,  279.4211,0.0011,0.0278,
Site #,Value,Value,Value,Value,Value, X , Y ,
1,  153.7168,  414.3333, 2587.1296,3.8752,0.6297, -7.5960,-19.9920,
2,  162.1274,  411.3834, 2587.1738,3.8753,0.6303, 70.0920,-19.9920,
3,  162.3125,  412.0155, 2533.1206,3.8755,0.6321, 18.3000,-80.5680,
4,  167.3005,  411.9691, 2561.1055,3.8753,0.6309,-59.3880,-80.5680,
5,  169.8292,  412.3036, 2630.7563,3.8750,0.6292,-85.2840, 10.2960,
6,  172.5420,  412.1912, 2629.9016,3.8751,0.6290,-33.4920, 70.8720,
7,  162.5321,  412.9528, 2601.7747,3.8752,0.6291, 44.1960, 40.5840,
8,  159.9468,  411.4572, 2543.2727,3.8754,0.6303,121.8840,-19.9920,
9,  161.2343,  411.4761, 2576.7224,3.8754,0.6266, 95.9880,-80.5680,
10,  160.9628,  412.3404, 2566.1023,3.8754,0.6271, 44.1960,-110.8560,
11,  163.9022,  413.0953, 2472.0215,3.8757,0.6360,-59.3880,-110.8560,
12,  167.6192,  409.4651, 2351.3352,3.8760,0.6544,-111.1800,-80.5680,
13,  173.2371,  409.4525, 2423.2932,3.8761,0.6472,-137.0760,-19.9920,
14,  170.9665,  412.2025, 2604.7515,3.8752,0.6279,-111.1800, 40.5840,
15,  172.7250,  412.4297, 2592.4634,3.8752,0.6282,-33.4920,101.1600,
16,  171.4255,  412.2361, 2565.7424,3.8754,0.6308, 18.3000,101.1600,
17,  167.1017,  412.7206, 2573.7131,3.8752,0.6299, 95.9880, 40.5840,

WAFER ID,"HF02078023",
LOT ID,"Q515100",
Cassette,Left,
SLOT,23,
STATUS,"",
DATA TYPE,SE,
RECIPE,"C028Z/BTH_LDDSE_PRESPACZ2B_Z",
RCP CNT,1,
MEAS SET,SOI: C028Z-STI-OXIPAD,
MATERIAL,"Thermal SiO2 {W}",
SITE,1,
RESULT TYPE,3rd Thickness,2nd Thickness,1st Thickness,GOF ,
MEAN,   24.0640,   92.8516,  257.0744,0.8885,
MIN,   22.8326,   90.3737,  251.9018,0.8811,
MAX,   24.9984,   96.0974,  261.0367,0.8958,
% STDDEV,  2.6451,  1.7975,  0.9785,  0.4430,
STDDEV,    0.6365,    1.6690,    2.5156,0.0039,
3 % STDDEV,  7.9353,  5.3924,  2.9356,  1.3290,
3 STDDEV,    1.9096,    5.0069,    7.5468,0.0118,
RANGE,    2.1658,    5.7236,    9.1349,0.0148,
Site #,Value,Value,Value,Value, X , Y ,
1,   24.8683,   92.6112,  261.0367,0.8899, -7.2360,-19.9920,
2,   24.7939,   90.3737,  259.0858,0.8830, 70.4520,-19.9920,
3,   24.6408,   92.4853,  258.7101,0.8859, 18.6600,-80.5680,
4,   24.1427,   92.2234,  257.2201,0.8858,-59.0280,-80.5680,
5,   23.9069,   94.9299,  258.4822,0.8932,-84.9240, 10.2960,
6,   24.4904,   92.2182,  259.5192,0.8845,-33.1320, 70.8720,
7,   24.9984,   90.4367,  259.9456,0.8811, 44.5560, 40.5840,
8,   23.6033,   92.9771,  255.3504,0.8911,122.2440,-19.9920,
9,   23.4682,   90.5661,  254.9744,0.8860, 96.3480,-80.5680,
10,   23.9342,   92.5968,  255.8593,0.8879, 44.5560,-110.8560,
11,   23.8436,   92.8705,  255.0935,0.8875,-59.0280,-110.8560,
12,   23.1501,   96.0974,  252.5694,0.8931,-110.8200,-80.5680,
13,   22.8326,   95.7243,  251.9018,0.8958,-136.7160,-19.9920,
14,   23.3033,   94.2213,  256.5781,0.8903,-110.8200, 40.5840,
15,   24.2297,   93.2004,  257.9048,0.8921,-33.1320,101.1600,
16,   24.3720,   93.1469,  258.1902,0.8893, 18.6600,101.1600,
17,   24.5102,   91.7972,  257.8434,0.8871, 96.3480, 40.5840,

WAFER ID,"HF02078023",
LOT ID,"Q515100",
Cassette,Left,
SLOT,23,
STATUS,"",
DATA TYPE,SE,
RECIPE,"C028Z/BTH_LDDSE_PRESPACZ2B_Z",
RCP CNT,1,
MEAS SET,C028-GATE-DEPPOLY,
MATERIAL,"Thermal SiO2",
SITE,1,
RESULT TYPE,3rd Thickness,2nd Thickness,1st Thickness,2nd RI @ 633.0nm,GOF ,
MEAN,  166.2174,  411.8412, 2529.1335,3.8756,0.6335,
MIN,  154.4090,  409.1185, 2367.3774,3.8751,0.6265,
MAX,  173.1447,  415.6184, 2635.4045,3.8761,0.6507,
% STDDEV,  3.3171,  0.3664,  2.9528,  0.0073,  1.0286,
STDDEV,    5.5135,    1.5088,   74.6810,0.0003,0.0065,
3 % STDDEV,  9.9512,  1.0991,  8.8585,  0.0219,  3.0858,
3 STDDEV,   16.5406,    4.5264,  224.0429,0.0008,0.0196,
RANGE,   18.7357,    6.4999,  268.0271,0.0009,0.0242,
Site #,Value,Value,Value,Value,Value, X , Y ,
1,  154.4090,  413.6119, 2594.0493,3.8754,0.6300, -7.5960,-19.9920,
2,  162.3916,  411.9727, 2589.8367,3.8754,0.6310, 70.0920,-19.9920,
3,  162.4949,  413.2333, 2587.7393,3.8753,0.6314, 18.3000,-80.5680,
4,  168.2166,  411.4640, 2587.8767,3.8754,0.6324,-59.3880,-80.5680,
5,  170.3259,  412.4820, 2635.4045,3.8752,0.6277,-85.2840, 10.2960,
6,  173.1447,  411.8929, 2575.1370,3.8754,0.6302,-33.4920, 70.8720,
7,  162.6740,  415.6184, 2623.7192,3.8751,0.6308, 44.1960, 40.5840,
8,  160.6688,  410.9473, 2513.8018,3.8757,0.6297,121.8840,-19.9920,
9,  161.1908,  410.9332, 2510.2151,3.8757,0.6265, 95.9880,-80.5680,
10,  162.0575,  411.6401, 2526.2397,3.8757,0.6323, 44.1960,-110.8560,
11,  163.4922,  413.0443, 2498.5415,3.8757,0.6328,-59.3880,-110.8560,
12,  167.5162,  409.6380, 2367.3774,3.8760,0.6507,-111.1800,-80.5680,
13,  173.0605,  409.1185, 2393.8359,3.8760,0.6480,-137.0760,-19.9920,
14,  172.2583,  411.0721, 2461.4727,3.8761,0.6371,-111.1800, 40.5840,
15,  172.5867,  411.3795, 2509.9785,3.8758,0.6332,-33.4920,101.1600,
16,  171.5706,  411.2833, 2495.6655,3.8758,0.6361, 18.3000,101.1600,
17,  167.6372,  411.9689, 2524.3789,3.8756,0.6303, 95.9880, 40.5840,

WAFER ID,"HF02078024",
LOT ID,"Q515100",
Cassette,Left,
SLOT,24,
STATUS,"",
DATA TYPE,SE,
RECIPE,"C028Z/BTH_LDDSE_PRESPACZ2B_Z",
RCP CNT,1,
MEAS SET,SOI: C028Z-STI-OXIPAD,
MATERIAL,"Thermal SiO2 {W}",
SITE,1,
RESULT TYPE,3rd Thickness,2nd Thickness,1st Thickness,GOF ,
MEAN,   24.0242,   92.1417,  257.1446,0.8875,
MIN,   22.8448,   88.8261,  252.1175,0.8790,
MAX,   24.7913,   96.0626,  261.2074,0.8963,
% STDDEV,  2.4154,  2.0231,  0.9892,  0.5118,
STDDEV,    0.5803,    1.8641,    2.5436,0.0045,
3 % STDDEV,  7.2463,  6.0693,  2.9675,  1.5355,
3 STDDEV,    1.7409,    5.5924,    7.6308,0.0136,
RANGE,    1.9465,    7.2365,    9.0899,0.0173,
Site #,Value,Value,Value,Value, X , Y ,
1,   24.7913,   92.5621,  261.2074,0.8887, -7.2360,-19.9920,
2,   24.7521,   89.6390,  259.3871,0.8812, 70.4520,-19.9920,
3,   24.6051,   92.9417,  258.8532,0.8883, 18.6600,-80.5680,
4,   24.2147,   91.8804,  257.2358,0.8870,-59.0280,-80.5680,
5,   23.8362,   94.2210,  258.4804,0.8925,-84.9240, 10.2960,
6,   24.3401,   92.1890,  259.5277,0.8904,-33.1320, 70.8720,
7,   24.7703,   90.7671,  260.2046,0.8851, 44.5560, 40.5840,
8,   23.6722,   91.1215,  255.4315,0.8864,122.2440,-19.9920,
9,   23.5620,   88.8261,  254.8274,0.8790, 96.3480,-80.5680,
10,   23.9736,   91.2457,  255.7197,0.8854, 44.5560,-110.8560,
11,   23.8150,   92.2805,  255.1015,0.8853,-59.0280,-110.8560,
12,   23.1784,   96.0626,  252.7321,0.8963,-110.8200,-80.5680,
13,   22.8448,   95.1454,  252.1175,0.8934,-136.7160,-19.9920,
14,   23.3132,   93.5400,  256.4854,0.8926,-110.8200, 40.5840,
15,   24.0541,   91.7556,  257.8404,0.8882,-33.1320,101.1600,
16,   24.3059,   91.7362,  258.2687,0.8838, 18.6600,101.1600,
17,   24.3817,   90.4942,  258.0376,0.8838, 96.3480, 40.5840,

WAFER ID,"HF02078024",
LOT ID,"Q515100",
Cassette,Left,
SLOT,24,
STATUS,"",
DATA TYPE,SE,
RECIPE,"C028Z/BTH_LDDSE_PRESPACZ2B_Z",
RCP CNT,1,
MEAS SET,C028-GATE-DEPPOLY,
MATERIAL,"Thermal SiO2",
SITE,1,
RESULT TYPE,3rd Thickness,2nd Thickness,1st Thickness,2nd RI @ 633.0nm,GOF ,
MEAN,  181.0868,  411.4842, 2541.3896,3.8756,0.6369,
MIN,  168.6924,  408.1963, 2298.3638,3.8752,0.6272,
MAX,  189.5724,  414.9497, 2619.2866,3.8762,0.6711,
% STDDEV,  2.8118,  0.3890,  3.5009,  0.0073,  1.7273,
STDDEV,    5.0919,    1.6006,   88.9720,0.0003,0.0110,
3 % STDDEV,  8.4355,  1.1669, 10.5028,  0.0218,  5.1819,
3 STDDEV,   15.2757,    4.8017,  266.9161,0.0008,0.0330,
RANGE,   20.8800,    6.7534,  320.9229,0.0010,0.0439,
Site #,Value,Value,Value,Value,Value, X , Y ,
1,  168.6924,  413.3008, 2546.5676,3.8756,0.6341, -7.5960,-19.9920,
2,  181.7504,  411.8979, 2619.2866,3.8754,0.6339, 70.0920,-19.9920,
3,  186.4745,  412.8809, 2576.2900,3.8755,0.6362, 18.3000,-80.5680,
4,  184.6476,  411.0310, 2519.8296,3.8759,0.6384,-59.3880,-80.5680,
5,  182.3500,  411.7542, 2584.7949,3.8755,0.6320,-85.2840, 10.2960,
6,  177.6880,  411.6530, 2615.3582,3.8753,0.6309,-33.4920, 70.8720,
7,  174.6587,  414.9497, 2602.7969,3.8752,0.6325, 44.1960, 40.5840,
8,  177.5343,  410.7979, 2555.2034,3.8757,0.6335,121.8840,-19.9920,
9,  183.5258,  411.0067, 2555.9351,3.8757,0.6331, 95.9880,-80.5680,
10,  185.5201,  411.7226, 2598.0217,3.8754,0.6331, 44.1960,-110.8560,
11,  184.6064,  412.2735, 2450.4475,3.8760,0.6412,-59.3880,-110.8560,
12,  189.5724,  408.2459, 2298.3638,3.8760,0.6711,-111.1800,-80.5680,
13,  185.8290,  408.1963, 2366.5916,3.8762,0.6572,-137.0760,-19.9920,
14,  178.9669,  410.9984, 2568.5408,3.8756,0.6309,-111.1800, 40.5840,
15,  179.4505,  411.4725, 2601.9373,3.8754,0.6304,-33.4920,101.1600,
16,  178.5783,  411.1152, 2571.5676,3.8755,0.6319, 18.3000,101.1600,
17,  178.6309,  411.9349, 2572.0913,3.8755,0.6272, 95.9880, 40.5840,

WAFER ID,"HF02078025",
LOT ID,"Q515100",
Cassette,Left,
SLOT,25,
STATUS,"",
DATA TYPE,SE,
RECIPE,"C028Z/BTH_LDDSE_PRESPACZ2B_Z",
RCP CNT,1,
MEAS SET,SOI: C028Z-STI-OXIPAD,
MATERIAL,"Thermal SiO2 {W}",
SITE,1,
RESULT TYPE,3rd Thickness,2nd Thickness,1st Thickness,GOF ,
MEAN,   23.9850,   92.7961,  257.3005,0.8888,
MIN,   23.3141,   89.2733,  251.9307,0.8791,
MAX,   24.7741,   95.6646,  261.5968,0.8941,
% STDDEV,  1.9198,  1.7328,  1.0203,  0.4731,
STDDEV,    0.4605,    1.6080,    2.6252,0.0042,
3 % STDDEV,  5.7595,  5.1985,  3.0609,  1.4193,
3 STDDEV,    1.3814,    4.8240,    7.8757,0.0126,
RANGE,    1.4600,    6.3913,    9.6661,0.0150,
Site #,Value,Value,Value,Value, X , Y ,
1,   24.7741,   93.4933,  261.5968,0.8910, -7.2360,-19.9920,
2,   24.6984,   90.1209,  259.4207,0.8805, 70.4520,-19.9920,
3,   24.3785,   94.1077,  259.4706,0.8905, 18.6600,-80.5680,
4,   24.1761,   92.4011,  257.5089,0.8858,-59.0280,-80.5680,
5,   23.9319,   94.4045,  258.6088,0.8939,-84.9240, 10.2960,
6,   24.0957,   92.3861,  259.6458,0.8878,-33.1320, 70.8720,
7,   24.5280,   92.0310,  260.3852,0.8877, 44.5560, 40.5840,
8,   23.4921,   91.9494,  255.4757,0.8897,122.2440,-19.9920,
9,   23.4045,   89.2733,  255.0754,0.8791, 96.3480,-80.5680,
10,   23.6708,   92.6101,  256.3487,0.8883, 44.5560,-110.8560,
11,   23.9680,   92.8068,  255.3411,0.8881,-59.0280,-110.8560,
12,   23.7003,   95.6646,  252.6484,0.8941,-110.8200,-80.5680,
13,   23.3141,   95.0077,  251.9307,0.8938,-136.7160,-19.9920,
14,   23.3275,   93.2652,  256.5291,0.8910,-110.8200, 40.5840,
15,   23.8631,   93.2449,  257.8631,0.8921,-33.1320,101.1600,
16,   24.2017,   93.2399,  258.2828,0.8894, 18.6600,101.1600,
17,   24.2203,   91.5268,  257.9768,0.8870, 96.3480, 40.5840,

WAFER ID,"HF02078025",
LOT ID,"Q515100",
Cassette,Left,
SLOT,25,
STATUS,"",
DATA TYPE,SE,
RECIPE,"C028Z/BTH_LDDSE_PRESPACZ2B_Z",
RCP CNT,1,
MEAS SET,C028-GATE-DEPPOLY,
MATERIAL,"Thermal SiO2",
SITE,1,
RESULT TYPE,3rd Thickness,2nd Thickness,1st Thickness,2nd RI @ 633.0nm,GOF ,
MEAN,  172.2767,  410.1309, 2538.2483,3.8758,0.6351,
MIN,  160.1046,  407.2089, 2361.5190,3.8754,0.6266,
MAX,  186.3080,  412.5042, 2620.7415,3.8762,0.6599,
% STDDEV,  3.8124,  0.3161,  2.9893,  0.0061,  1.4739,
STDDEV,    6.5678,    1.2966,   75.8761,0.0002,0.0094,
3 % STDDEV, 11.4371,  0.9484,  8.9679,  0.0183,  4.4218,
3 STDDEV,   19.7035,    3.8897,  227.6282,0.0007,0.0281,
RANGE,   26.2034,    5.2953,  259.2224,0.0008,0.0334,
Site #,Value,Value,Value,Value,Value, X , Y ,
1,  160.1046,  412.5042, 2594.5042,3.8756,0.6306, -7.5960,-19.9920,
2,  167.6443,  410.6564, 2610.2097,3.8755,0.6310, 70.0920,-19.9920,
3,  171.2424,  411.3478, 2589.3564,3.8756,0.6342, 18.3000,-80.5680,
4,  173.4746,  409.8431, 2560.9031,3.8757,0.6361,-59.3880,-80.5680,
5,  174.0208,  410.6634, 2570.5264,3.8756,0.6276,-85.2840, 10.2960,
6,  171.0036,  409.8293, 2553.2305,3.8758,0.6307,-33.4920, 70.8720,
7,  161.8249,  411.9202, 2620.7415,3.8754,0.6266, 44.1960, 40.5840,
8,  170.5172,  409.8210, 2552.3625,3.8758,0.6324,121.8840,-19.9920,
9,  171.2408,  409.8008, 2556.2212,3.8757,0.6285, 95.9880,-80.5680,
10,  171.4150,  410.2661, 2608.7788,3.8755,0.6305, 44.1960,-110.8560,
11,  176.4568,  410.9670, 2495.9243,3.8758,0.6388,-59.3880,-110.8560,
12,  184.2909,  407.7391, 2361.5190,3.8761,0.6599,-111.1800,-80.5680,
13,  186.3080,  407.2089, 2363.7813,3.8762,0.6572,-137.0760,-19.9920,
14,  177.4746,  409.6913, 2520.3538,3.8761,0.6334,-111.1800, 40.5840,
15,  171.7224,  409.7048, 2511.1455,3.8760,0.6334,-33.4920,101.1600,
16,  171.1396,  409.7485, 2504.6138,3.8760,0.6346, 18.3000,101.1600,
17,  168.8227,  410.5135, 2576.0476,3.8756,0.6309, 95.9880, 40.5840,